review_id,stage,reason,created_at,venue_id,venue_name,city,address,website_url
3e31cd86-3fb8-4d7a-b8fb-59e08fc68d94,WEBSITE,website_status=UNAVAILABLE,2026-09-01 21:15:17,3c791f0325211e47,Deichgraf,Berlin,"Nordufer 10, 13353 Berlin",https://gaststaette-deichgraf.de/
f3002e46-a1b5-48c3-aac5-896440774988,WEBSITE,website_status=UNAVAILABLE,2026-09-01 21:15:17,4b4acbd07686a630,ZobelKlix,Berlin,"Klixstraße 10, 13403 Berlin",
76474a49-6d3c-46b2-bcb8-9021140bbd0b,WEBSITE,website_status=UNAVAILABLE,2026-09-01 21:15:55,a2a470e8b2545afe,Albert's,Berlin,"Scharnweberstraße 16, 13405 Berlin",https://www.alberts-restaurants.de/
71f18a87-22f6-4839-9fab-04c7a0df4839,WEBSITE,website_status=UNAVAILABLE,2026-09-01 21:15:56,986558532eb19af4,Eichborneck,Berlin,",  Berlin",
4c3b7973-6078-4fa7-bc29-6aa2fe24ba24,MENU,Candidates found but none validated,2026-09-01 21:16:09,7f58f35cadfc172a,Bellboy Berlin,Berlin,"Anton-Wilhelm-Amo-Straße 30, 10117 Berlin",https://bellboybar.com/
3cda3096-dbb5-40cf-9c2f-5d145a7e15c3,WEBSITE,website_status=BLOCKED,2026-09-01 21:16:09,1bed6f6a7aae8610,Newton Bar,Berlin,"Charlottenstraße 57, 10117 Berlin",https://www.newton-bar.de/
a057932d-7736-427a-842a-c47bb5d70c67,WEBSITE,website_status=UNAVAILABLE,2026-09-01 21:16:10,cbb64dd061770758,Sportler-Eck,Berlin,"Ernststraße 68, 13509 Berlin",
b70ab065-2e0b-451a-bd00-06381ed68500,WEBSITE,website_status=UNAVAILABLE,2026-09-01 21:16:11,21d5c631bb7f1ed7,No Limit Shishabar,Berlin,,
3967894a-5964-4df5-a169-39461e61242f,WEBSITE,website_status=UNAVAILABLE,2026-09-01 21:16:12,01693afb2e392a6d,Old Sloth,Berlin,"Auguste-Viktoria-Allee 67a, 13403 Berlin",
c23c8621-2619-4739-9419-38557fb49cc8,WEBSITE,website_status=UNAVAILABLE,2026-09-01 21:16:28,333c3585b9f8a37c,Bären-Eck,Berlin,"Auguste-Viktoria-Allee 84, 13403 Berlin",
e28e0864-3b11-410d-8b32-0e6828e1021a,WEBSITE,website_status=UNAVAILABLE,2026-09-01 21:16:29,f844e81d17202e18,Grenzeck,Berlin,,
ae0d6264-2865-496d-99d3-70f4fc5e0e8b,WEBSITE,website_status=UNAVAILABLE,2026-09-01 21:16:30,994c6703a334585e,Haus Bierwerk,Berlin,"Amendestraße 18, 13409 Berlin",
d2b1b233-97f0-4713-a6e2-49e8aaf612d5,WEBSITE,website_status=UNAVAILABLE,2026-09-01 21:16:31,9a4b9f5ad7ec5a0b,Potter's Inn,Berlin,"Waldstraße 103, 13403 Berlin",
188e38fa-94a5-4b06-b7e8-bebf5ca29d6a,WEBSITE,website_status=UNAVAILABLE,2026-09-01 21:16:32,ea50bc01728b32fb,en passant,Berlin,"Schönhauser Allee 58, 10437 Berlin",
2e0a517e-87ed-48e9-8f36-1c993093686e,WEBSITE,website_status=UNAVAILABLE,2026-09-01 21:16:33,1d8509b68d8dc073,Tipperary Berlin,Berlin,"Triftstraße 58, 13353 Berlin",
3bf752d7-4427-41eb-a5dc-b83ccaa1734e,WEBSITE,website_status=UNAVAILABLE,2026-09-01 21:16:34,d844d80b607fd5e4,Stadtlaterne,Berlin,"Tauroggener Straße 46, 10589 Berlin",http://radlstation-berlin.de/
1fca5065-57fc-4ffe-aaff-2712fa5be04e,WEBSITE,website_status=UNAVAILABLE,2026-09-01 21:16:34,4e427d292c61e2e7,Märkische Bierstuben,Berlin,"Oranienburger Straße 91, 13437 Berlin",
56606c6e-2fc3-4867-904b-6b5436d317f2,WEBSITE,website_status=UNAVAILABLE,2026-09-01 21:16:35,d9bd65539293e82e,Dorfkrug,Berlin,"Otisstraße 40, 13403 Berlin",https://carolas-dorfkrug.beepworld.de
0040dadd-ae1d-48e8-ad63-1b9f4b4c010d,MENU,Candidates found but none validated,2026-09-01 21:16:50,caa3119dfdd9cd52,Yard,Berlin,"Rykestraße 8, 10405 Berlin",http://www.yard-musikkneipe.de/
70277f8a-0aa8-4e9b-a85f-79307f281eec,WEBSITE,website_status=UNAVAILABLE,2026-09-01 21:16:51,fcbdf3b0f92ac215,Enddorn,Berlin,"Belforter Straße 27, 10405 Berlin",
f6720489-5cc9-40e1-9e56-890d7cb0f0ad,WEBSITE,website_status=UNAVAILABLE,2026-09-01 21:17:34,aaae8ecf25a59dfe,Studentenclub Schlauch,Berlin,"Storkower Straße 225, 10367 Berlin",
5483ea12-fdf8-4a37-871e-a2af57193f3c,WEBSITE,website_status=UNAVAILABLE,2026-09-01 21:17:35,453aa63219e296ab,Tiger Karaoke,Berlin,Müllerstraße 6,
28e4722c-fbd6-4308-8cb2-472a64daab57,WEBSITE,website_status=UNAVAILABLE,2026-09-01 21:17:36,e119df5ffca75b87,Laalia,Berlin,,
b6d4374b-644d-4072-96a9-7069090bb9ba,WEBSITE,website_status=UNAVAILABLE,2026-09-01 21:17:36,03e9cfd718174a35,KlubHaus14,Berlin,"Wasgenstraße 75, 14129 Berlin",https://haus14.com/
71c064b3-3dae-4df2-a4ff-df1f1a68f709,WEBSITE,website_status=UNAVAILABLE,2026-09-01 21:17:37,32667d3bbd5802da,Seequell,Berlin,,
2e8cf993-f333-42e2-a441-23122a84d9da,WEBSITE,website_status=UNAVAILABLE,2026-09-01 21:17:37,89ff47bffcde1e2c,Sportsbar Heinrich's,Berlin,"Bismarckstraße 67, 12157 Berlin",http://www.sportsbar-heinrichs.de/
8159e852-47cf-46d1-9f60-51cc315c3ce2,WEBSITE,website_status=UNAVAILABLE,2026-09-01 21:17:38,24d5a3fe6c6d289e,Schloss Neuschweinsteiger,Berlin,"Emser Straße 122, 12051 Berlin",https://www.schloss-neuschweinsteiger.de/
4fe41d67-b9f3-4daa-aef9-40e6b12f8dd8,WEBSITE,website_status=UNAVAILABLE,2026-09-01 21:17:38,c9cc7be91e8c5cde,Geronimo,Berlin,,
6e5af0ef-b0b9-4444-a942-65c0e7187d35,WEBSITE,website_status=UNAVAILABLE,2026-09-01 21:17:39,e8c6f64be53589b4,Keyif,Berlin,,
a5a153dd-eb23-4d88-b057-29d26d41a732,MENU,Candidates found but none validated,2026-09-01 21:17:53,d04a74f0a7614af2,Himmelreich,Berlin,"Simon-Dach-Straße 36, 10245 Berlin",https://www.himmelreich-berlin.de
a713214f-0c1e-4465-9458-aaf969c85d35,WEBSITE,website_status=UNAVAILABLE,2026-09-01 21:17:53,e28ce21e645b9977,Paule's Metal Eck,Berlin,"Krossener Straße 15, 10245 Berlin",https://www.paules-metal-eck.de
13c06e82-97d0-4031-8e8d-f6435acde410,WEBSITE,website_status=UNAVAILABLE,2026-09-01 21:18:31,136f9c6d016a8aed,Salamas Bar,Berlin,"Niederbarnimstraße 24, 10247 Berlin",http://www.salamas-bar.de
c66f9922-4c30-4308-a54a-ba4b2c047bb8,WEBSITE,website_status=UNAVAILABLE,2026-09-01 21:18:31,3fdb1bdf98db6fa0,Ysy,Berlin,,
87b9f76f-1a20-4810-b2dc-75199f363b73,WEBSITE,website_status=UNAVAILABLE,2026-09-01 21:18:32,8e993474f3d2c9c7,Lauschangriff,Berlin,,
457ea032-0bd0-443c-b9cc-4e9776f32e2c,WEBSITE,website_status=UNAVAILABLE,2026-09-01 21:18:34,f1dac93cb11b47ff,Lolly-Pub,Berlin,"Bänschstraße 54, 10247 Berlin",
4ba8eccf-4278-49ff-9354-a65856f70b2a,WEBSITE,website_status=UNAVAILABLE,2026-09-01 21:18:34,aae38a8c1d834f56,Feuermelder,Berlin,"Krossener Straße 24, 10245 Berlin",
cfabf2e5-2511-43c0-92dc-6cfb9c0baf69,WEBSITE,website_status=UNAVAILABLE,2026-09-01 21:18:35,55a326e8a5263084,Zeitgeist,Berlin,"Gärtnerstraße 15, 10245 Berlin",
8ecac55d-2830-4b56-8362-e24900fdfc49,WEBSITE,website_status=UNAVAILABLE,2026-09-01 21:18:38,3b6617d385762f07,Spandauer Bock,Berlin,,
dbae5d5c-cfb1-464a-a75f-5b3020ea52fe,WEBSITE,website_status=UNAVAILABLE,2026-09-01 21:18:39,aef3b79eafb8c0d6,Bei Schlawinchen,Berlin,"Schönleinstraße 34, 10967 Berlin",
57f9d2be-c1d2-4f2e-85e7-b24be3450ac6,WEBSITE,website_status=UNAVAILABLE,2026-09-01 21:18:40,0bca9a0d2c90699a,booze bar berlin,Berlin,"Boxhagener Straße 105, 10245 Berlin",
2193e266-c79f-4ab2-804c-45733162ba08,MENU,Candidates found but none validated,2026-09-01 21:19:04,4d415ae8c4ff86a2,Syndikat,Berlin,"Emser Straße 131, 12051 Berlin",https://syndikatbleibt.noblogs.org/
8a9528bd-8a9f-4e49-9655-ab2b8af7974d,WEBSITE,website_status=UNAVAILABLE,2026-09-01 21:19:04,9e5aeb8d3d98c9c2,Lenau-Stuben,Berlin,"Hobrechtstraße 62, 12047 Berlin",
88cf4a78-ef05-4d36-a6ed-2553fdcbe165,WEBSITE,website_status=UNAVAILABLE,2026-09-01 21:19:05,a5296c6b176c07f4,Vettern Bar,Berlin,"Hobrechtstraße 61, 12047 Berlin",
315bccd0-7490-4602-a02f-dea9a7c4b82b,MENU,Candidates found but none validated,2026-09-01 21:19:18,7b12ea3be737cb93,loge.,Berlin,"Kinzigstraße 9, 10247 Berlin",https://www.loge-berlin.org/
2dde65ba-9bb1-4aec-9997-884feef12e3a,WEBSITE,website_status=UNAVAILABLE,2026-09-01 21:19:30,df1b4012c42d4474,K9,Berlin,"Kinzigstraße 9, 10247 Berlin",http://www.kinzig9.de
71d39e91-359e-43aa-9798-a2322bb43467,WEBSITE,website_status=UNAVAILABLE,2026-09-01 21:19:31,99f8cfcf58f69c4b,Meiner's,Berlin,"Ollenhauerstraße 70, 13403 Berlin",
30cb1194-e8b7-4e66-9958-e29ea5401fef,WEBSITE,website_status=UNAVAILABLE,2026-09-01 21:19:32,03636237f2858ac4,Luna,Berlin,"Cauerstraße 15, 10587 Berlin",
3a608efc-4cfe-4680-ba52-2953b72cee8a,MENU,Candidates found but none validated,2026-09-01 21:20:23,b009468c9b52a598,Blaumilchkanal,Berlin,"Schivelbeiner Straße 23, 10439 Berlin",https://www.blaumilchkanal.com/
80b3ae8e-47cc-4de7-b396-c8d3daae7667,MENU,Low confidence (0.4),2026-09-01 21:20:47,9b909896fa1626bb,Billardsalon Köh,Berlin,"Sophienstraße 6, 10178 Berlin",http://www.billardkoeh.de
efcc19aa-6a8d-41a5-91bd-48fc7a46b3bf,MENU,Candidates found but none validated,2026-09-01 21:21:00,cef94d7f5f8b072c,Prassnik,Berlin,"Torstraße 65, 10119 Berlin",http://www.mangelwirtschaft.de/
6edaea7e-686a-4a8a-829f-ab817ea316d3,WEBSITE,website_status=UNAVAILABLE,2026-09-01 21:21:00,06ea0fb7ab52a917,Zum Kegel,Berlin,"Grußdorfstraße 1, 13507 Berlin",
0bca6162-d7e5-444f-bb99-c50ef47f8363,WEBSITE,website_status=UNAVAILABLE,2026-09-01 21:21:01,4ae1abde86cebcc5,Pony-Saloon,Berlin,"Dieffenbachstraße 36, 10967 Berlin",
395bddce-538a-4104-97d2-9932b5c1afb2,WEBSITE,website_status=UNAVAILABLE,2026-09-01 21:21:02,fd4558182fff0019,Eberty Treff,Berlin,"Ebertystraße 50, 10249 Berlin",
fc55cd03-0c27-47c6-af3c-f6152c6d8ce2,MENU,Candidates found but none validated,2026-09-01 21:21:16,304341f2dd812279,Drittes Ohr,Berlin,"Matternstraße 14, 10249 Berlin",https://www.drittes-ohr.eu/
4f67f0cb-9c02-4233-a3aa-d9820a22fb70,MENU,Candidates found but none validated,2026-09-01 21:21:50,c961f9fa33d3bb12,Deck 5,Berlin,Greifenhagener Straße 47,http://www.freiluftrebellen.de/en/
bf4ebcd5-4fda-4099-8177-13470ed03a82,WEBSITE,website_status=UNAVAILABLE,2026-09-01 21:21:50,952aff91d2b251bd,macke prinz,Berlin,"Zionskirchstraße 39, 10119 Berlin",
ef380f35-850e-49df-836a-b2b4f7d26a06,MENU,Candidates found but none validated,2026-09-01 21:22:48,188b36c28d89d449,Sophieneck,Berlin,"Große Hamburger Straße 37, 10115 Berlin",https://www.sophieneck-berlin.de
c34f4826-4334-4231-822f-97d5a5120771,WEBSITE,website_status=UNAVAILABLE,2026-09-01 21:22:48,e774dea3247d6cc1,Zum Leibarzt,Berlin,"Cotheniusstraße 11, 10407 Berlin",
333b5ed2-f0d5-4f8c-acaa-f3a1557b129c,WEBSITE,website_status=UNAVAILABLE,2026-09-01 21:22:49,c71157585f07bbad,Zum Friedrichshainer,Berlin,"Petersburger Straße 44, 10249 Berlin",
81df39ac-5640-43f8-83fc-29654632ae72,MENU,Candidates found but none validated,2026-09-01 21:23:03,df525fb654a4df7b,Salon Babette,Berlin,"Karl-Marx-Allee 36, 10178 Berlin",https://www.cafemoskau.com/salon-babette
861ba3f3-ccb1-4977-b83c-4dc332236c8b,WEBSITE,website_status=UNAVAILABLE,2026-09-01 21:23:03,949cdef98325333c,Bierkiste 136,Berlin,"Marienfelder Allee 136, 12277 Berlin",
acc74fcc-082b-47fd-bc79-379dc67c423f,MENU,Low confidence (0.4),2026-09-01 21:23:20,471e5783abf23eba,Perlin,Berlin,"Griebenowstraße 5, 10435 Berlin",https://www.weinerei.com/#!/location-perlin
512bf087-3db4-496d-b5ff-5c7e173713a4,WEBSITE,website_status=UNAVAILABLE,2026-09-01 21:23:21,3a787b60c80da172,Weinerei Forum,Berlin,"Fehrbelliner Straße 57, 10119 Berlin",http://weinerei.com/forum/
60fb59ed-3dfb-41e1-8120-151b13dac703,WEBSITE,website_status=UNAVAILABLE,2026-09-01 21:23:21,0dd6d3e02cc575ee,Süß war gestern,Berlin,"Wühlischstraße 43, 10245 Berlin",
ecfbd3ae-e663-4c1a-92f6-d239e7f16f45,MENU,Candidates found but none validated,2026-09-01 21:23:45,03994448293fd5d2,Böse Buben Bar,Berlin,"Marienstraße 18, 10117 Berlin",http://www.boesebubenbar.de
a4c8997d-cb0c-46fb-8e04-51dacbca60f7,WEBSITE,website_status=UNAVAILABLE,2026-09-01 21:23:45,1a5677fe7cb7dd84,Daffke,Berlin,"Herrfurthplatz 7, 12049 Berlin",
3dc554ab-35be-4865-b586-f6b3801a5605,WEBSITE,website_status=UNAVAILABLE,2026-09-01 21:23:46,8d7f3d6cd732db35,"Ick koof mir Dave Lombardo, wenn ick reich bin",Berlin,"Zionskirchstraße 34, 10119 Berlin",
812990f1-4995-4994-9d59-473afc4dd670,WEBSITE,website_status=UNAVAILABLE,2026-09-01 21:23:47,12be10b3a9f5d55e,FC Magnet Bar,Berlin,"Veteranenstraße 26, 10119 Berlin",
ba2c9430-e26d-4a96-8402-ded115c0e228,MENU,Candidates found but none validated,2026-09-01 21:24:11,8378e9602ce996e9,Schwarze Pumpe,Berlin,"Choriner Straße 76, 10119 Berlin",http://www.schwarzepumpe-berlin.de/
ce8dc451-3419-4c89-aefa-6f0b66703110,MENU,Candidates found but none validated,2026-09-01 21:24:24,29228378bed45100,Lass uns Freunde bleiben,Berlin,"Choriner Straße 12, 10119 Berlin",http://www.ruf-mich-nie-wieder-an.de/cafe.html
eef51345-bd0c-4ada-8c96-fe41caadd3d8,MENU,Candidates found but none validated,2026-09-01 21:24:47,1e4fdf2e2c537878,Die Berliner Republik,Berlin,"Schiffbauerdamm 8, 10117 Berlin",https://www.die-berliner-republik.de/
2ea05389-14d6-497a-9104-fa5405029f99,WEBSITE,website_status=UNAVAILABLE,2026-09-01 21:25:25,ba60822925cb18d4,Sohnemann,Berlin,"Niederbarnimstraße 23, 10247 Berlin",https://sohnemann-bar.de/
3efa1cab-d35b-4997-b6ca-daf72f40c17a,WEBSITE,website_status=UNAVAILABLE,2026-09-01 21:25:26,c8489009216b361c,Pk Bar,Berlin,"Kreutzigerstraße 22, 10247 Berlin",
924bb0a6-47bd-4502-b08d-c97b4292d650,WEBSITE,website_status=UNAVAILABLE,2026-09-01 21:25:27,c03c110b23da2641,Krass böser Wolf,Berlin,"Markgrafendamm 36, 10245 Berlin",
453eef95-a9b6-435c-8538-32d0e98335d3,WEBSITE,website_status=UNAVAILABLE,2026-09-01 21:25:28,9935bfd4334a5432,Die Wampe,Berlin,,
b2a9f9ff-b61e-4387-87b5-d802cb7c0d18,WEBSITE,website_status=UNAVAILABLE,2026-09-01 21:25:41,c55312fc96115921,Queen's Pub,Berlin,"Hauptstraße 50, 10827 Berlin",
6b3719ea-f78b-47c1-ad79-97f71b71ed26,WEBSITE,website_status=UNAVAILABLE,2026-09-01 21:25:42,18632b3265201c0f,Berliner Bürgerstuben,Berlin,"Stargarder Straße 64, 10437 Berlin",
c93fadf2-c22a-4f45-9387-c6471549abfb,WEBSITE,website_status=UNAVAILABLE,2026-09-01 21:25:43,f74081d395a5785b,Glühlampe,Berlin,"Lehmbruckstraße 1, 10245 Berlin",
48b6c1cb-6cd5-4dd2-8c56-28fe1899cd9c,WEBSITE,website_status=UNAVAILABLE,2026-09-01 21:25:44,d55d4fc7639ab47f,Auguste,Berlin,,
5efc1169-08c6-4255-9d7a-bd26414db490,MENU,Candidates found but none validated,2026-09-01 21:25:58,9f72091078e344d3,Bar Voyage,Berlin,"Nollendorfstraße 1, 10783 Berlin",https://www.barvoyage.de/
85b74963-5b03-4993-9765-7baa5626fb76,MENU,Candidates found but none validated,2026-09-01 21:26:12,1102be8fb85d5e53,Monster Ronson's Ichiban Karaoke,Berlin,"Warschauer Straße 34, 10243 Berlin",http://www.karaokemonster.de/
d3454e7c-8665-40c5-8595-18402b14bd03,WEBSITE,website_status=UNAVAILABLE,2026-09-01 21:26:12,aee289df5ee03ab2,Kornkammer,Berlin,"Raoul-Wallenberg-Straße 42, 12679 Berlin",
d1c295d2-25b9-41ec-ade8-1ec7ccce29df,WEBSITE,website_status=UNAVAILABLE,2026-09-01 21:26:13,99d08446b832f758,Sieben,Berlin,"Sonntagstraße 7, 10245 Berlin",
e9642122-9d01-48ca-bb7a-0811001355fe,WEBSITE,website_status=UNAVAILABLE,2026-09-01 21:26:14,f98c493ad5a1e092,Tonart,Berlin,"Sonntagstraße 7, 10245 Berlin",
c9afcde0-a156-4019-a055-f7473ec58906,MENU,Candidates found but none validated,2026-09-01 21:26:27,cb592ba811484563,Dachkammer,Berlin,"Simon-Dach-Straße 39, 10245 Berlin",http://www.dachkammer.com/
00b79674-be7e-4c09-9ef6-a5e704ec21b3,WEBSITE,website_status=UNAVAILABLE,2026-09-01 21:26:27,7d6e6d82b372aa85,Bandito Rosso,Berlin,"Lottumstraße 10a, 10119 Berlin",
67cbefc6-1b9e-4102-9e95-540f2d351e44,WEBSITE,website_status=BLOCKED,2026-09-01 21:26:28,d433bc148dae7588,Grigri,Berlin,"Paul-Lincke-Ufer 11, 10999 Berlin",http://www.cafe-grigri.de
1de4a07d-f07a-4593-85ac-862359d881ee,WEBSITE,website_status=UNAVAILABLE,2026-09-01 21:26:28,97748815ce2fc53a,Dietrich,Berlin,"Reichenberger Straße 103, 10999 Berlin",
840e72f2-d67f-421a-8372-6079999ff11d,WEBSITE,website_status=UNAVAILABLE,2026-09-01 21:26:32,03e4e5051611e6f4,Weiße Taube,Berlin,"Wiener Straße 15, 10999 Berlin",
f85b32df-5860-438a-8680-0a5549d76688,MENU,Candidates found but none validated,2026-09-01 21:26:46,19917598022a6419,Wiener Blut,Berlin,"Wiener Straße 14, 10999 Berlin",https://www.wienerblut.org/
c197884c-5874-4311-9fe2-cabab7c62568,MENU,Low confidence (0.53),2026-09-01 21:27:11,564b2abe13307e95,Madonna Bar,Berlin,"Wiener Straße 22, 10999 Berlin",https://www.madonnabar.de
21c1e08f-36a9-4a79-81d1-31ff9db2fbdb,WEBSITE,website_status=UNAVAILABLE,2026-09-01 21:27:11,7d46970e806b1576,Zum Schinken,Berlin,"Luxemburger Straße 5, 13353 Berlin",
e8e71c4d-f255-462e-a31e-cab90f06eb30,WEBSITE,website_status=UNAVAILABLE,2026-09-01 21:27:12,5e3c837a72db8422,Kaulsdorfer Stube,Berlin,"Heinrich-Grüber-Straße 2, 12621 Berlin",
1435654c-e8fe-47af-90d1-c76ab99ab83f,WEBSITE,website_status=UNAVAILABLE,2026-09-01 21:27:13,aef90ddc466920c7,X-Bar,Berlin,"Raumerstraße 17, 10437 Berlin",
8b048675-5dd3-4a67-961d-49a28a9936bf,MENU,Candidates found but none validated,2026-09-01 21:27:26,5baaca792c647395,Bräugier,Berlin,"Stubbenkammerstraße 6, 10437 Berlin",https://www.braeugier.de/
b7dc18e5-c162-4ab4-b9f6-9cc673bbba01,WEBSITE,website_status=UNAVAILABLE,2026-09-01 21:27:26,84c275d21882e8da,Dirty Velvet Drinkery,Berlin,"Lychener Straße 39, 10437 Berlin",http://www.dirtyvelvetberlin.com/
91d2e193-1a18-4474-8b43-4574debf2e54,WEBSITE,website_status=UNAVAILABLE,2026-09-01 21:28:05,ed03901af1db8172,Gottlob,Berlin,"Akazienstraße 17, 10823 Berlin",https://www.gottlob-berlin.de/
030b731d-42b5-4378-94b6-865e497955e0,WEBSITE,website_status=UNAVAILABLE,2026-09-01 21:28:12,03dc5fd7c93cd6e1,Robbys Calypso Bar,Berlin,"Crellestraße 22, 10827 Berlin",
48b328e9-f2db-43f7-a301-80efb756e604,WEBSITE,website_status=UNAVAILABLE,2026-09-01 21:28:13,5feebba39172d6fb,Chila X,Berlin,,
459a882c-aa45-4a53-b2b6-e97e24e49bf3,WEBSITE,website_status=UNAVAILABLE,2026-09-01 21:28:15,ca097d77a4d8d561,Stadtteilladen Zielona Góra,Berlin,"Grünberger Straße 73, 10245 Berlin",
c20fc296-5183-42e3-ab47-a90e69135cf8,WEBSITE,website_status=UNAVAILABLE,2026-09-01 21:28:15,1e847aa10ceb7f4f,Abstand,Berlin,"Rigaer Straße 78, 10247 Berlin",
efcb640a-91d2-4a6f-a3a0-7e522188abbc,MENU,Low confidence (0.4),2026-09-01 21:29:23,0cdc8c548f5b67e6,ZGK,Berlin,"Scharnweberstraße 38, 10247 Berlin",http://www.myspace.com/scharni38
7310bf1e-95de-42a0-b006-f93c09054c39,MENU,Candidates found but none validated,2026-09-01 21:29:37,ed36f07e6ab4a45c,Supamolly,Berlin,"Jessnerstraße 41, 10247 Berlin",http://www.supamolly.de
a46e7dfa-8e1d-480f-accf-96f4de496b83,WEBSITE,website_status=UNAVAILABLE,2026-09-01 21:29:47,11ba97a4b75669ca,Bar Carlitos,Berlin,"Sybelstraße 16, 10629 Berlin",http://www.bar-carlitos.de
19418a8f-771c-47e2-a3f9-d1070689d753,WEBSITE,website_status=UNAVAILABLE,2026-09-01 21:29:48,67ce8c0833f327d2,Zum Anker,Berlin,"Charlottenburger Ufer 6, 10587 Berlin",
6d5062fc-3646-403b-9f83-3b2621a23b08,WEBSITE,website_status=UNAVAILABLE,2026-09-01 21:29:49,6356b3369233d8be,Zum Dorfkrug,Berlin,"Röntgenstraße 1, 10587 Berlin",
f7a7c059-f2c3-4521-9d0f-139c322c9afc,WEBSITE,website_status=UNAVAILABLE,2026-09-01 21:29:50,c179bddf4a15e791,Heinzelmännchen,Berlin,"Giselastraße 4, 10317 Berlin",
ac3dc362-e897-4fba-b909-6232262b7aa5,WEBSITE,website_status=UNAVAILABLE,2026-09-01 21:30:15,729d16b71fbfc21b,Oase Deluxe,Berlin,"Karl-Liebknecht-Straße 11, 10178 Berlin",http://oasecocktail-berlin.de/
9132318d-ebff-4934-88af-84c7bef37c6a,WEBSITE,website_status=UNAVAILABLE,2026-09-01 21:30:15,9d5eac3d2cf209d7,Huttenklause,Berlin,"Huttenstraße 23, 10553 Berlin",
c12b0386-d264-459c-8446-1789e429d340,WEBSITE,website_status=UNAVAILABLE,2026-09-01 21:30:16,c65ebba9f772c219,Eck-Kneipe,Berlin,,
74f6e7e0-6f6d-427c-8948-aa8ade3b3af6,MENU,Candidates found but none validated,2026-09-01 21:30:29,6fa75bcc4d9a2d45,Ringbar,Berlin,,https://www.ringbarberlin.de/
a829dd9b-5d32-42fe-8414-f3bcebe4d8ae,WEBSITE,website_status=UNAVAILABLE,2026-09-01 21:30:29,76a8f1c07e098934,La Vida Bar,Berlin,"Sonnenallee 218, 12059 Berlin",
2510ec02-6821-40ce-91df-cbd657426baf,WEBSITE,website_status=UNAVAILABLE,2026-09-01 21:30:30,fc89ac0422b62096,Bäreneck,Berlin,"Hermannstraße 37, 12049 Berlin",
183458b6-e734-4967-8879-f704afd86d6f,MENU,Candidates found but none validated,2026-09-01 21:30:44,e483602c24bcda37,Alter Roter Löwe Rein,Berlin,"Richardstraße 31, 12043 Berlin",https://redlion.berlin/
80dee1d5-3c43-4b21-b8cb-8f26b35b8dfd,WEBSITE,website_status=UNAVAILABLE,2026-09-01 21:30:44,c2ab00610ee7792b,Kaktus reloaded,Berlin,"Sonnenallee 180, 12059 Berlin",
8999ae22-b843-478a-a555-1dbfc3d702d3,WEBSITE,website_status=UNAVAILABLE,2026-09-01 21:30:45,2141b20adb6d8387,Bier Stübl,Berlin,"Mariendorfer Damm 86, 12109 Berlin",
4527b3a3-f81d-49d6-81ea-4a960787ea37,WEBSITE,website_status=UNAVAILABLE,2026-09-01 21:30:46,94c3b603b39967b9,Zum Alten Krug,Berlin,"Juliusstraße 22, 12051 Berlin",
47c6cf5d-acaf-465f-b39f-c11e9d1a9620,WEBSITE,website_status=UNAVAILABLE,2026-09-01 21:30:47,36dd5184405e57e5,The Nautilus Lounge,Berlin,"Karl-Marx-Straße 258, 12057 Berlin",
adf6a7fb-103f-4f9a-9179-7f46040550fb,WEBSITE,website_status=UNAVAILABLE,2026-09-01 21:30:48,87f021615067c75d,Spandauer Altstadttreff,Berlin,"Breite Straße 12, 13597 Berlin",
1826fcd5-9cc5-4c36-af67-d21c19e1df01,WEBSITE,website_status=UNAVAILABLE,2026-09-01 21:30:49,b8e4f48a4ac36a96,Zum Fäßchen,Berlin,"Prenzlauer Promenade 187, 13189 Berlin",
b3d4bdf3-1952-4f53-a02d-1c670c1453aa,WEBSITE,website_status=UNAVAILABLE,2026-09-01 21:30:50,909eeaabe35cd401,Runde Ecke,Berlin,"Britzer Damm 83, 12347 Berlin",
d6dfe042-f6e7-4ee2-8285-a4516206e276,WEBSITE,website_status=UNAVAILABLE,2026-09-01 21:30:51,676dfce7b01a661d,Palm Lounge,Berlin,"Britzer Damm 144, 12347 Berlin",
86fe44c4-5554-44b0-9e2f-7abea24b04cd,WEBSITE,website_status=UNAVAILABLE,2026-09-01 21:30:52,13fc6e491fedbbb1,Adam's Eck,Berlin,"Germaniastraße 150a, 12099 Berlin",
ead337a0-fa3b-4cb0-9257-f35f50adae4c,WEBSITE,website_status=UNAVAILABLE,2026-09-01 21:30:53,0e6a0ceff26bb9dc,Britzer Klatsche,Berlin,"Britzer Damm 9, 12347 Berlin",
a237ca34-0657-4eef-928f-19485aaf694e,WEBSITE,website_status=UNAVAILABLE,2026-09-01 21:30:54,7f2b8ceeb7c122c7,Marktbörse,Berlin,"Bruno-Bauer-Straße 2, 12051 Berlin",
74ddfe96-da23-44d9-816b-30b632895624,WEBSITE,website_status=UNAVAILABLE,2026-09-01 21:30:55,1f5331beb0ff0a57,Kalli & Co,Berlin,"Oberlandstraße 4, 12099 Berlin",
7cbb88cc-0187-45d9-8994-9f260ede8a00,MENU,Candidates found but none validated,2026-09-01 21:31:09,ba2151a289e1a2ef,plan B,Berlin,"Wilhelmstraße 144, 13595 Berlin",http://www.planb-wohnzimmer.de
8e98edca-428b-4444-a3c5-8104fdf47a6f,MENU,Candidates found but none validated,2026-09-01 21:31:22,f792862efff8cd93,Billard Company Salon Treptow,Berlin,"Bouchéstraße 12, 12435 Berlin",http://www.billard-company.de/
4a423170-9390-4670-85d1-619e6a982fbc,WEBSITE,website_status=UNAVAILABLE,2026-09-01 21:31:22,ee0d2b257db1d8d7,By Cengiz,Berlin,"Karl-Marx-Straße 210, 12055 Berlin",
33558d5d-08e4-4427-a149-addd2fef89ab,MENU,Candidates found but none validated,2026-09-01 21:31:35,ae3c3eae8388d58d,Roter Rabe,Berlin,"Kottbusser Straße 13, 10999 Berlin",https://www.roter-rabe.berlin/
c3a650f3-2de0-4b73-ac91-0429cf49247c,WEBSITE,website_status=UNAVAILABLE,2026-09-01 21:31:35,46f5e802ab348bb8,Prinzen-Eck,Berlin,"Wassertorstraße 59, 10969 Berlin",
714dfdcf-2727-40eb-a420-1b1502c18aef,WEBSITE,website_status=UNAVAILABLE,2026-09-01 21:31:36,d07f98d85d646a8c,Zum Gesundbrunner,Berlin,"Rügener Straße 6, 13355 Berlin",
6b39ad52-a5e0-4ee0-a00d-a3d5cfc2b216,WEBSITE,website_status=UNAVAILABLE,2026-09-01 21:31:37,005205c4a0fe0daa,Rudower Quelle,Berlin,,
e70bcbc3-0687-4806-8e76-9502aa858ba2,WEBSITE,website_status=UNAVAILABLE,2026-09-01 21:31:38,adec3301bd04b8dc,Zimt und Zunder,Berlin,"Dolziger Straße 24, 10247 Berlin",
6e2edb1e-c11d-4be2-8f4f-649abbfa71c6,WEBSITE,website_status=UNAVAILABLE,2026-09-01 21:31:39,0b2063a797ed0dd0,Schanki O Tannenbaum,Berlin,"Weserstraße 19-20, 12045 Berlin",
028a21d1-6a93-4d6f-813a-8a414f691433,WEBSITE,website_status=UNAVAILABLE,2026-09-01 21:31:40,4a2b80946af34be7,Kleinod,Berlin,"Niemetzstraße 24, 12055 Berlin",
339ac007-bb33-4f12-816f-fc7ac97468c0,MENU,Candidates found but none validated,2026-09-01 21:31:44,4c50b4a9635586b8,Linus,Berlin,"Hertzbergstraße 32, 12055 Berlin",https://www.cafelinus.de/
be71671c-76aa-4f49-b16d-4ef05fc0d3cc,WEBSITE,website_status=UNAVAILABLE,2026-09-01 21:31:44,619662899ffc84b2,Bierbaum 2,Berlin,"Sonnenallee 86, 12045 Berlin",
5783b3ff-4f2b-4ae7-ba9d-79a94b381b24,WEBSITE,website_status=UNAVAILABLE,2026-09-01 21:31:45,d8b351c9bb5c4a79,Mistral,Berlin,"Müllerstraße 90, 13349 Berlin",
33cde6a2-c115-4a24-91de-21d388965975,WEBSITE,website_status=UNAVAILABLE,2026-09-01 21:31:46,30f6cc0bf2e2c734,KiKi,Berlin,"Müllerstraße 113, 13349 Berlin",
19d8ac81-3904-4c2f-9f0d-5eae64ea92c9,WEBSITE,website_status=UNAVAILABLE,2026-09-01 21:31:47,e04b26238d2f4336,Zum Magendoktor,Berlin,"Mareschstraße 19, 12055 Berlin",
9f22d11c-2702-47cf-97b6-afcb3595e1ba,WEBSITE,website_status=UNAVAILABLE,2026-09-01 21:31:48,612bdcd668602097,Keglerheim,Berlin,"Mareschstraße 6, 12055 Berlin",
64cd53ae-30ac-4a73-9b35-7e057fa6f651,WEBSITE,website_status=UNAVAILABLE,2026-09-01 21:31:49,bdbdd90c89c2ba27,Libero,Berlin,"Karl-Lade-Straße 30, 10369 Berlin",
c45b59e9-3d06-4e3b-a7b5-237ab8fd14ac,MENU,Candidates found but none validated,2026-09-01 21:32:02,6cbb4326f73b8c9b,Das Bierlokal zum Umsteiger,Berlin,"Hermannstraße 159, 12051 Berlin",https://zumumsteiger.metro.bar
6f56cf73-1759-487e-a544-3d0744953977,MENU,Candidates found but none validated,2026-09-01 21:32:26,015d9aa271fa6ba7,Neue Zukunft Ostkreuz,Berlin,"Alt-Stralau 68, 10245 Berlin",https://neue-zukunft.org/
a62e8d4b-dfde-489b-b160-c558f2bfd3a8,WEBSITE,website_status=UNAVAILABLE,2026-09-01 21:32:27,b6f5023bf6d5270a,Lahn-Eck,Berlin,"Karl-Marx-Straße 241, 12057 Berlin",
e19fb39b-2af8-4320-8bf2-65d789c69ebc,WEBSITE,website_status=UNAVAILABLE,2026-09-01 21:32:27,d87038d3c924c654,Roderich,Berlin,,
e73238a0-ab0c-4bb6-9916-0e4ad8ba4393,WEBSITE,website_status=UNAVAILABLE,2026-09-01 21:32:28,aca02eff77f16ee5,Avalon,Berlin,"Jessnerstraße 16, 10247 Berlin",
773b4642-f30e-4890-af37-9652df1ef18c,WEBSITE,website_status=UNAVAILABLE,2026-09-01 21:32:30,70eb6573c6b61992,Society,Berlin,"Stendaler Straße 25, 12627 Berlin",
dc657e4f-6b69-4fc8-bc91-03c736fa150a,WEBSITE,website_status=UNAVAILABLE,2026-09-01 21:32:31,3ad137102d76d8d5,Zum guten Happen,Berlin,"Türrschmidtstraße 20, 10317 Berlin",
f29e1661-f525-401f-bd2d-d0ce4d117776,WEBSITE,website_status=UNAVAILABLE,2026-09-01 21:32:31,c1608ab9e2310e90,Warthe-Eck,Berlin,"Hermannstraße 95, 12051 Berlin",
2049af9c-2981-4093-9e1f-6a3c7d2fd77a,WEBSITE,website_status=UNAVAILABLE,2026-09-01 21:32:32,cc8f9090753159bd,Zum Tönnchen,Berlin,"Sonnenallee 141, 12059 Berlin",
c542b05a-5528-46ae-b842-70a041170be4,WEBSITE,website_status=UNAVAILABLE,2026-09-01 21:32:33,6279e18111fe7d68,Blechbilderbar,Berlin,"Simon-Dach-Straße 35, 10245 Berlin",
65fbe474-9cfc-4356-ae6d-fb8255b099fd,WEBSITE,website_status=UNAVAILABLE,2026-09-01 21:32:34,322f84b7735b46bc,Capital Beach,Berlin,"Ludwig-Erhard-Ufer, 10557 Berlin",
7b1b6864-41e2-4086-836e-2c07c763a276,WEBSITE,website_status=UNAVAILABLE,2026-09-01 21:32:35,49c497ae6c59b837,Escobar,Berlin,,
a799ce44-1f2a-4cc4-a0eb-34d17bd704a7,WEBSITE,website_status=UNAVAILABLE,2026-09-01 21:32:36,35159df99b234ca9,Kohlenquelle,Berlin,"Kopenhagener Straße 16, 10437 Berlin",
6c4c2125-269c-4cd0-be95-e12e562954d4,WEBSITE,website_status=UNAVAILABLE,2026-09-01 21:32:37,7c02adbcc3067aab,Rothenburg-Eck,Berlin,"Rothenburgstraße 42, 12163 Berlin",
7e272930-ecfe-44bb-8b57-1827df519996,MENU,Candidates found but none validated,2026-09-01 21:32:51,78872f77b33e0238,Marabu Bar,Berlin,"Oppelner Straße 23, 10997 Berlin",http://www.marabu-bar.de/
2292aaec-fb09-4179-ba7c-585fa91a3493,MENU,Low confidence (0.4),2026-09-01 21:33:12,a9c264b998baa68a,Kilkenny,Berlin,"Am Zwirngraben 17-20, 10178 Berlin",http://www.kilkenny-pub.de/
05a4252e-36f3-44c3-aaa0-c7832e424db6,WEBSITE,website_status=UNAVAILABLE,2026-09-01 21:33:12,a7b2e59928b49ec4,General Post Office,Berlin,"Zimmermannstraße 22, 12163 Berlin",https://www.gpo.berlin
beae1f5f-414b-44ba-a3d1-4c7c2f8dbfa8,WEBSITE,website_status=UNAVAILABLE,2026-09-01 21:33:12,ce1563ea3a4b9541,Schwarz Sauer,Berlin,"Kastanienallee 13-14, 10435 Berlin",
9b5d8056-4ea8-48c0-964d-aa01ca82eaed,WEBSITE,website_status=UNAVAILABLE,2026-09-01 21:33:13,ffcfefb2eafd1003,Country Cheers,Berlin,"Karl-Marx-Allee 63, 10243 Berlin",
25c749e4-3934-4810-9a29-6983e27b3dda,WEBSITE,website_status=UNAVAILABLE,2026-09-01 21:33:14,bb4a438821d5c2d2,Zart,Berlin,"Schinkestraße 14, 12047 Berlin",
dececefc-a5d6-447f-9496-760ef6add735,WEBSITE,website_status=UNAVAILABLE,2026-09-01 21:33:15,e1e9f4cabe8ee2f1,Zum böhmischen Dorf,Berlin,"Sanderstraße 11, 12047 Berlin",http://www.zumböhmischendorf.de/
d80da453-e0e8-4a54-8a75-972d82bc320a,WEBSITE,website_status=UNAVAILABLE,2026-09-01 21:33:16,f0facef97da45d22,Zum Igel,Berlin,"Scharnweberstraße 1, 10247 Berlin",
4d820fc8-35b8-4534-991e-52eaa3981920,WEBSITE,website_status=UNAVAILABLE,2026-09-01 21:33:17,3fd041b97a4e2916,Fischladen,Berlin,"Rigaer Straße 83, 10247 Berlin",
ca254f36-d9ca-4819-93a8-3cd97b82c817,WEBSITE,website_status=UNAVAILABLE,2026-09-01 21:33:18,ece206b84e31ba61,Yolanda,Berlin,"Senefelderstraße 27, 10437 Berlin",
c5ae7924-2900-4bb6-b748-b133012fb904,MENU,Low confidence (0.4),2026-09-01 21:33:33,feb6c2f4e700d831,Alois S.,Berlin,"Senefelderstraße 18, 10437 Berlin",https://www.aloiss.de/
61ecb231-5983-41fe-9291-7eb5a5a315f0,WEBSITE,website_status=UNAVAILABLE,2026-09-01 21:33:47,ef958ba6c7c7b6b2,Mahlower Klause,Berlin,"Weisestraße 63, 12049 Berlin",
1b7a2e4e-995c-4667-82e6-f4a03b49f613,MENU,Candidates found but none validated,2026-09-01 21:34:01,579ee9653bf5e736,Manifest Taproom,Berlin,"Oderberger Straße 15, 10435 Berlin",https://manifesttaproom.de/
eba7b5a3-92cd-41bf-a520-f3454d7c7017,WEBSITE,website_status=UNAVAILABLE,2026-09-01 21:34:01,4063d900147e6e65,Gute Laune,Berlin,"Kiefholzstraße 35, 12435 Berlin",
5373ca33-7736-410f-baea-7e1a7d80ff90,WEBSITE,website_status=UNAVAILABLE,2026-09-01 21:34:02,c5124af55b7b3118,Else,Berlin,"Kiefholzstraße 33, 12435 Berlin",
5f0c797a-192f-48bb-b88a-618bbdc7b14d,MENU,Candidates found but none validated,2026-09-01 21:34:23,5f77820a1efcd66d,"Trude, Ruth und Goldammer",Berlin,"Flughafenstraße 38, 12053 Berlin",https://www.ruthgoldammer.de/
4fabd806-fad0-41fd-8021-5b417fc1fe8b,WEBSITE,website_status=UNAVAILABLE,2026-09-01 21:34:23,8ff4df80e47c5d0c,Bar Misirlou,Berlin,"Dunckerstraße 10, 10437 Berlin",
43e9a2b6-a51b-42f1-9433-9f4720242d10,MENU,Candidates found but none validated,2026-09-01 21:34:37,fee4da8926b641f8,Alte Wäscherei,Berlin,"Naugarder Straße 11, 10409 Berlin",http://altewäscherei.de/
df31a4dc-feea-4722-875a-ce30496abe78,WEBSITE,website_status=UNAVAILABLE,2026-09-01 21:34:37,698b9005749314f7,Liberda,Berlin,,
0cf4c1ea-3be7-435f-a05e-52af9fe529cd,WEBSITE,website_status=UNAVAILABLE,2026-09-01 21:34:38,993899bc0caeffcf,Hansa Stuben,Berlin,"Treskowstraße 21, 13507 Berlin",
1813d486-9a0e-449d-847f-cc3022ffe94b,MENU,Candidates found but none validated,2026-09-01 21:34:51,b3cd2bf1f47d2785,Muschi Obermaier,Berlin,"Torstraße 151, 10119 Berlin",http://www.muschiobermaier.de/
058c0bcd-6ee8-4340-a300-b564ae316c60,MENU,Candidates found but none validated,2026-09-01 21:35:04,144e934321133bb4,Krüger Eck,Berlin,"Weserstraße 12, 10247 Berlin",http://www.krueger-eck.de/
42e0a18d-ea18-4c4f-a1d4-63040282a6e0,WEBSITE,website_status=UNAVAILABLE,2026-09-01 21:35:04,bf7e978e01295405,Freya Fuchs,Berlin,"Tegeler Straße 34, 13353 Berlin",
4f97daca-9c3b-40a3-b334-33dc277d0bce,MENU,Candidates found but none validated,2026-09-01 21:35:23,9f41243e618b9088,Mad Monkey Room,Berlin,"Danziger Straße 1, 10435 Berlin",https://www.mad-monkey.de/
1a3b9967-3c94-4868-8059-bf419edbb484,WEBSITE,website_status=UNAVAILABLE,2026-09-01 21:35:24,f12ea2417a6cdb4d,meliá tapas,Berlin,Friedrichstraße 103,
db3e4550-1332-45c8-9279-5d6facf4dd1c,WEBSITE,website_status=UNAVAILABLE,2026-09-01 21:35:25,f7040fd79421e7c4,EL FUEGO BAR,Berlin,,
93b9043c-5608-4dfe-89fa-f231011861a5,WEBSITE,website_status=UNAVAILABLE,2026-09-01 21:36:21,3bb42cf5f7d7fc0f,Wikinger Eck,Berlin,"Wikingerufer 6a, 10555 Berlin",
c6cbcdf1-a8fe-4602-b424-b4c4fcc44a79,WEBSITE,website_status=UNAVAILABLE,2026-09-01 21:36:22,6b08efca61d1fea6,U-Bahn-Quelle,Berlin,,
8502973e-2d31-4170-a1b8-b36cd55ca278,WEBSITE,website_status=UNAVAILABLE,2026-09-01 21:36:23,38145c452be93e18,Celo Privat Bar,Berlin,"Ohlauer Straße 37, 10999 Berlin",
deb5ee6b-0b1c-4beb-b80d-6a889352a1fc,MENU,Candidates found but none validated,2026-09-01 21:36:37,72a7ad0e8a1e6041,Wendel,Berlin,"Schlesische Straße 42,  Berlin",http://www.wendel.nstp.de/
3af62ae9-889f-4601-8acb-72fb205f84d0,WEBSITE,website_status=UNAVAILABLE,2026-09-01 21:36:37,e1a6483a84452010,Tante Grete,Berlin,Stargarder Straße 10,
12df58ac-d1cd-4187-ad0c-dd284415a1a2,WEBSITE,website_status=UNAVAILABLE,2026-09-01 21:36:38,4f946d48364eae9f,Trixie Bar,Berlin,"Stargarder Straße 13, 10437 Berlin",
59da7162-fc52-452b-b1fc-72423f40aac6,WEBSITE,website_status=BLOCKED,2026-09-01 21:36:38,3d3f566c63e4ba39,Die Bar,Berlin,"Greifenhagener Straße 54, 10437 Berlin",http://die-bar-berlins.de/
888d7f84-47de-456f-980c-8dd88f5ecbf9,WEBSITE,website_status=UNAVAILABLE,2026-09-01 21:36:41,80d0bcc82039ccb2,Speiche's Rock- und Blueskneipe,Berlin,"Raumerstraße 39, 10437 Berlin",
e325f0f4-a6db-4a0a-974e-4cbac3e0dc71,WEBSITE,website_status=UNAVAILABLE,2026-09-01 21:36:42,288c434ed60edc34,Bistro Nord,Berlin,"Schönwalder Straße 30, 13347 Berlin",
da1153ca-9453-4000-bbc7-f21a12cc2549,WEBSITE,website_status=UNAVAILABLE,2026-09-01 21:36:43,70054e1103d18ae9,Besenkammer,Berlin,"Rathausstraße 1, 10178 Berlin",
0567e3d2-170c-4d4e-9d64-a6db709e7de1,WEBSITE,website_status=UNAVAILABLE,2026-09-01 21:36:44,d9850bad92d46e17,Le Balto,Berlin,"Hobrechtstraße 28, 12047 Berlin",
4490c534-fb1e-4a87-b282-5210d20bcea4,WEBSITE,website_status=UNAVAILABLE,2026-09-01 21:37:03,9c9cdf84b9873796,Mutter,Berlin,"Hohenstaufenstraße 4, 10781 Berlin",
d38963fc-caf2-4c5f-9c40-bcae2e27209e,WEBSITE,website_status=UNAVAILABLE,2026-09-01 21:37:04,073e8198a61cfb71,Take Off,Berlin,"Konrad-Wolf-Straße 103, 13055 Berlin",
74e3922b-42d4-41e2-8d33-a88ff0b0b801,WEBSITE,website_status=UNAVAILABLE,2026-09-01 21:37:05,250947fbd98fea8d,Slumberland,Berlin,"Goltzstraße 24, 10781 Berlin",
ed62250d-cc92-418f-a4cc-04c99fb67730,WEBSITE,website_status=UNAVAILABLE,2026-09-01 21:37:06,0a035dfc73abfa74,SECO Kiezkneipe,Berlin,"Schöneicher Straße 18, 13055 Berlin",
06eab092-3791-48af-aba2-ae17cc9bc004,WEBSITE,website_status=UNAVAILABLE,2026-09-01 21:37:07,36d186294320faa5,Evi's Hansa-Treff,Berlin,"Hansastraße 196, 13088 Berlin",
beecbb5e-ace9-4301-ba3d-6596f9df0c39,WEBSITE,website_status=UNAVAILABLE,2026-09-01 21:37:08,eeb75491701b7900,Bornholmer Hütte,Berlin,"Bornholmer Straße 89, 10439 Berlin",
c92ffd39-f1ee-43c0-966e-a1ca6847d9cd,WEBSITE,website_status=UNAVAILABLE,2026-09-01 21:37:09,68c9b58a7c5c2678,Valla Vino,Berlin,"Lychener Straße 3, 10437 Berlin",
b6f02e97-8252-4f2b-891c-863bdb72f5ff,WEBSITE,website_status=UNAVAILABLE,2026-09-01 21:37:10,0945d4ee6e4fda13,"Froschkönig, Literatur- & Pianobar",Berlin,"Weisestraße 17, 12049 Berlin",
743d76ee-665b-4958-aa4d-668604d60090,WEBSITE,website_status=UNAVAILABLE,2026-09-01 21:37:24,a738de94300ea9d2,Bärenklause,Berlin,"Kirchhainer Damm 10, 12309 Berlin",
89a8089f-4aa8-455e-ae60-9bb27088b9e2,WEBSITE,website_status=UNAVAILABLE,2026-09-01 21:37:25,85061d52fec0dd50,Lost my voice,Berlin,"Rosenthaler Straße 1, 10119 Berlin",
7526f461-e69f-4788-8451-744dd631d3ad,MENU,Candidates found but none validated,2026-09-01 21:37:38,3e27c28027bcd7b8,August Fengler,Berlin,"Lychener Straße 11, 10437 Berlin",https://www.augustfengler.de/
b7117375-1594-4d5d-b6ca-875073c597bf,WEBSITE,website_status=UNAVAILABLE,2026-09-01 21:37:38,1d4dcd0e1aba8733,Höschen,Berlin,"Dunckerstraße 9, 10437 Berlin",
1c388101-0307-40e5-b129-ea262ca86258,MENU,Candidates found but none validated,2026-09-01 21:37:52,b3f4744bf326026b,Möbel Olfe,Berlin,"Reichenberger Straße 177, 10999 Berlin",https://www.moebel-olfe.de/
e5eb557e-4741-4b01-9835-180355e92288,WEBSITE,website_status=UNAVAILABLE,2026-09-01 21:37:52,92be8e291c03eb3f,Beussel 71,Berlin,"Beusselstraße 71, 10553 Berlin",
14567c91-f16e-4a79-b23d-42520797b7e7,WEBSITE,website_status=UNAVAILABLE,2026-09-01 21:37:52,a6324c3134b7d487,Rixdorfer,Berlin,"Erkstraße 14, 12043 Berlin",http://www.rixdorfer-bierstuben.de
b3cf31c8-a1ee-4a4a-9647-2ebda420dbfe,MENU,Candidates found but none validated,2026-09-01 21:38:15,444c41b584f0948d,Zum Bierseidel,Berlin,"Fritz-Reuter-Allee 182d, 12359 Berlin",http://www.zum-bierseidel.de/
ea6c4358-ce5f-4332-a9ed-670b2ff2bfd5,WEBSITE,website_status=UNAVAILABLE,2026-09-01 21:38:29,2a28162ad02f0634,Polski Bar,Berlin,"Mainzer Straße 46, 12053 Berlin",
2656f36b-b4e1-4dda-8bf5-90972bb73cd0,WEBSITE,website_status=UNAVAILABLE,2026-09-01 21:38:30,6361ab72d8198449,Sandmann,Berlin,"Reuterstraße 7, 12053 Berlin",
a6d87e51-9a8b-474e-8d34-d0ef711a0cf7,WEBSITE,website_status=UNAVAILABLE,2026-09-01 21:38:31,4cfb00bfc4d7694b,Bierpause,Berlin,"Willibald-Alexis-Straße 31, 10965 Berlin",
a1c9f09c-31af-4b8a-864e-daf7557f5ac7,MENU,Candidates found but none validated,2026-09-01 21:38:45,95a47f6b6c60cb13,etc.,Berlin,"Knaackstraße 12, 10405 Berlin",http://www.etc-bar.de
01781884-5b42-4ee3-ac89-d1c44d060abd,WEBSITE,website_status=UNAVAILABLE,2026-09-01 21:38:45,4582f9655ed3350a,Beim Dicken,Berlin,"Bellermannstraße 17a, 13357 Berlin",
fa9623f4-97fc-4ea3-b062-c5c37c9b125c,WEBSITE,website_status=UNAVAILABLE,2026-09-01 21:39:23,0b59dffcdf8d1521,gainsbourg bar américain,Berlin,"Jeanne-Mammen-Bogen 5, 10623 Berlin",http://www.gainsbourg.de/
42da1898-19d4-4a0f-be9a-7737fa325e53,WEBSITE,website_status=UNAVAILABLE,2026-09-01 21:39:23,57e02fc63e2695dc,Posh Bar,Berlin,"Voxstraße 4, 10785 Berlin",http://www.posh-bar.com
98e66bb8-3b24-417c-aeb3-0553519564e0,WEBSITE,website_status=UNAVAILABLE,2026-09-01 21:39:23,3bb78d953de763c0,Sux,Berlin,"Weserstraße 55, 12045 Berlin",
7931ad79-7c6d-4bea-a9cb-0e09dcbe3eca,MENU,Candidates found but none validated,2026-09-01 21:39:37,bcbe44cb564562cd,Mein Haus am See,Berlin,"Torstraße 125, 10119 Berlin",https://www.mein-haus-am-see.club/
9cfced6c-67f4-4f76-ad5b-54082cbb61b1,WEBSITE,website_status=UNAVAILABLE,2026-09-01 21:39:37,f0fd1417f116be95,Bierbaum 1,Berlin,"Thomasstraße 9, 12053 Berlin",
4c17725a-c473-4788-9be8-7aae8990e0a3,WEBSITE,website_status=UNAVAILABLE,2026-09-01 21:39:38,a92e71fbd0cc7b56,Joker,Berlin,"Sprengelstraße 25, 13353 Berlin",
7820ae7b-f017-4553-bd90-0c6a0b4c9388,WEBSITE,website_status=UNAVAILABLE,2026-09-01 21:39:39,e8eac0d448d7dbc2,Habel,Berlin,"Hohenzollerndamm 93, 14199 Berlin",
ef234b02-e09c-4c75-a82a-3d4d7e264153,WEBSITE,website_status=UNAVAILABLE,2026-09-01 21:39:40,00bb159854ec544f,Zum Dortmunder,Berlin,"Breite Straße 35, 14199 Berlin",
333a848b-5ebc-4485-8185-5701c1d86449,WEBSITE,website_status=BLOCKED,2026-09-01 21:39:41,19be1b19830c2f5c,Westend-Klause,Berlin,"Reichsstraße 80b, 14052 Berlin",https://www.westend-klause.de
26d6abf6-7784-4ae6-bf8e-1530c4943649,WEBSITE,website_status=UNAVAILABLE,2026-09-01 21:39:56,6afd88e45a73173a,Übereck,Berlin,"Prenzlauer Allee 47, 10405 Berlin",
53e47b3a-0390-46d5-9267-ffe0a8324fab,WEBSITE,website_status=UNAVAILABLE,2026-09-01 21:39:56,da5ffdd048bd0f80,Uluru Resort,Berlin,"Rykestraße 17, 10405 Berlin",http://www.uluru-resort.de/
bea6d3e4-c30d-4e80-bf25-fb8f1204abdc,WEBSITE,website_status=UNAVAILABLE,2026-09-01 21:39:57,4cc1dd8bd66424fa,Gaststätte Astra,Berlin,"Königsheideweg 280, 12487 Berlin",
fda414f1-5c21-4873-93d8-e8ae35ad2171,WEBSITE,website_status=UNAVAILABLE,2026-09-01 21:39:58,f8fb6bd72e115c82,Zoulou Bar,Berlin,"Hauptstraße 4, 10827 Berlin",
93f9f332-1956-4caa-af43-2cf49af663d0,WEBSITE,website_status=UNAVAILABLE,2026-09-01 21:39:58,ee9c47f8cf5a125d,Ooh-ase,Berlin,,https://www.spandauerbierbar.de/
d12f45bd-6bcb-49b8-8378-1671adf723c4,WEBSITE,website_status=UNAVAILABLE,2026-09-01 21:39:59,451bbe6d03f623fd,Zum Dortmunder,Berlin,,
63ab4d57-0d60-4999-b600-7f69978eae59,WEBSITE,website_status=UNAVAILABLE,2026-09-01 21:40:00,ca24dc14c2cebac7,Trespassers,Berlin,"Fehrbelliner Straße 94, 10119 Berlin",
06c417a8-7be8-40de-9085-97990774fc7e,WEBSITE,website_status=UNAVAILABLE,2026-09-01 21:40:01,187d6840ad4e3b71,Treffer Bar,Berlin,"Weitlingstraße 76, 10317 Berlin",
2896483c-35ce-49e4-b801-c9ffdc16cceb,WEBSITE,website_status=UNAVAILABLE,2026-09-01 21:40:02,1528f055a009f39b,Vereinsheim Roseneck,Berlin,"Koppelweg 54, 12347 Berlin",
bb1b44a4-0c52-4817-aae6-849fed00b059,WEBSITE,website_status=UNAVAILABLE,2026-09-01 21:40:03,5a69e3587f2821ce,Guter Wille,Berlin,"Rosenallee 1, 12347 Berlin",
b5733c5e-f650-485a-9bd0-a8afdce51d6b,WEBSITE,website_status=UNAVAILABLE,2026-09-01 21:40:04,dbc3884c0c54a446,Edisoneck,Berlin,"Edisonstraße 37, 12459 Berlin",
edcd2dd8-7af7-49c5-9891-8d7c9c8b36e5,WEBSITE,website_status=UNAVAILABLE,2026-09-01 21:40:05,1cdc5cb7fcb85f62,AVCI Cocktail-Bar,Berlin,,
fa49e6a6-1714-4f28-91ad-82a2938eaf19,WEBSITE,website_status=UNAVAILABLE,2026-09-01 21:40:05,8e2636a4f99bca6d,Krüger,Berlin,"Lychener Straße 26, 10437 Berlin",http://krueger-in-berlin.de/
6047ef9c-5df1-4cf3-9b76-bdbe18d5ee06,WEBSITE,website_status=UNAVAILABLE,2026-09-01 21:40:11,b1ff306bc6510ef6,Zur Tulpe,Berlin,"Bundesallee 119, 12161 Berlin",
9d809c4c-5033-463b-9312-962f215416fe,WEBSITE,website_status=UNAVAILABLE,2026-09-01 21:40:12,72b9eae708f896a4,Le Bar Tabac,Berlin,"Christinenstraße 24, 10119 Berlin",
9efdf99e-7357-46d0-be08-1225e88d6ed2,WEBSITE,website_status=UNAVAILABLE,2026-09-01 21:40:13,a141ab084d0e8ffe,Caspar,Berlin,"Greifswalder Straße 167, 10409 Berlin",
b602b770-0984-482c-b756-32a77e745f9f,WEBSITE,website_status=UNAVAILABLE,2026-09-01 21:40:14,8a4a3d44014ad750,Duckys,Berlin,"Mariendorfer Damm 112, 12109 Berlin",
cb03472b-f400-4a21-8a1b-f12922de0921,WEBSITE,website_status=UNAVAILABLE,2026-09-01 21:40:15,2280c4588bde3437,Palme,Berlin,"Archibaldweg 25, 10317 Berlin",
b271998c-3579-472d-8494-0b1a0a596f0a,WEBSITE,website_status=UNAVAILABLE,2026-09-01 21:40:16,eb309f498e8ef82b,Schrösel’s,Berlin,"Köpenicker Straße 171, 12355 Berlin",
9d8fa34b-0086-4aae-a446-90f21aa1a4d0,MENU,Candidates found but none validated,2026-09-01 21:40:29,956a739db80eaa8b,Degendorff,Berlin,"Petersburger Straße 74a, 10249 Berlin",http://www.degendorff.com
22769f32-717e-4cfc-a279-ad3eeb45fdcb,WEBSITE,website_status=UNAVAILABLE,2026-09-01 21:40:56,0d554cacaed7fe4b,Hook Bar,Berlin,Pankstraße 15,
780d2755-ffc0-4d92-b2cd-0c7639441b3b,WEBSITE,website_status=UNAVAILABLE,2026-09-01 21:40:57,3e36118ab47d80c0,Mega,Berlin,"Gerichtstraße 57, 13347 Berlin",
fbbf3840-c284-493f-8f41-47e6e42fb9f6,WEBSITE,website_status=UNAVAILABLE,2026-09-01 21:40:58,21da311bad81b729,Miz Mit Kahvesi,Berlin,,
51514541-a29b-48a6-9a80-58b5632e13ab,WEBSITE,website_status=UNAVAILABLE,2026-09-01 21:40:59,2df2c2a890828e6b,Mega 3,Berlin,"Wiesenstraße 18, 13357 Berlin",
2ee72ad9-484c-488b-9f4e-58e0315fd50c,WEBSITE,website_status=UNAVAILABLE,2026-09-01 21:41:00,b515e947a575818e,Biertreff,Berlin,"Prinzenallee 2, 13357 Berlin",
56403510-edc9-4dc2-99d0-e7e01aa20fd7,WEBSITE,website_status=UNAVAILABLE,2026-09-01 21:41:01,8746e1cecd8c3f44,Manico,Berlin,"Breite Straße 1, 14199 Berlin",
0ae40336-5edf-444d-9eb2-8bfd21609d90,MENU,Candidates found but none validated,2026-09-01 21:41:15,5ae315c33d16a6e9,Zur weißen Kastanie,Berlin,"Schloßstraße 22, 14059 Berlin",http://www.kastanie-berlin.de/
83291d5a-4049-4cb3-ac68-be3a63768962,WEBSITE,website_status=UNAVAILABLE,2026-09-01 21:41:15,195785d688367503,Paka Club,Berlin,"Reinickendorfer Straße 111, 13347 Berlin",
d8617cfc-3a08-48ad-bb8e-3e6814b76e8e,WEBSITE,website_status=UNAVAILABLE,2026-09-01 21:41:16,df5e572b4603b295,Berliner Bier-Akademie,Berlin,"Fürther Straße 8, 10777 Berlin",
717d8f9a-3f5a-4ba5-8577-6bfa14f1fa08,WEBSITE,website_status=UNAVAILABLE,2026-09-01 21:41:17,55cc5c22ca13d23a,Alcatraz,Berlin,"Wilsnacker Straße 30, 10559 Berlin",
0a035f97-48cd-4267-a6bd-cfc6d7b7eb9a,WEBSITE,website_status=UNAVAILABLE,2026-09-01 21:41:17,bfdab108989e1a80,Bierbaum 3,Berlin,"Schillerpromenade 31, 12049 Berlin",https://www.bierbaum3.de/
895d5020-34e0-4d89-9493-e760051c9d56,WEBSITE,website_status=UNAVAILABLE,2026-09-01 21:41:18,55419321b5413381,Falken-Eck,Berlin,,
c67cee04-4e67-4f1b-91e1-c2518680f504,MENU,Candidates found but none validated,2026-09-01 21:41:33,cca8d40a0c73ba8f,Soulcat,Berlin,"Pannierstraße 53, 12047 Berlin",http://soulcat-berlin.com/
d56f5738-d078-4562-b486-511e26b9b36a,WEBSITE,website_status=UNAVAILABLE,2026-09-01 21:41:46,c3b2586ede596e09,Wax On,Berlin,"Weserstraße 208, 12047 Berlin",
54f8ac93-a066-47ad-98e7-cf13c6ddd42f,WEBSITE,website_status=UNAVAILABLE,2026-09-01 21:41:47,3d1941a1974c35f4,Wackelkontakt,Berlin,"Hermann-Hesse-Straße 26, 13156 Berlin",
39514e65-15fa-4006-9ada-44ccf499f8c7,WEBSITE,website_status=UNAVAILABLE,2026-09-01 21:41:48,90a7de7b12f9cf25,Baude 38,Berlin,"Nassauische Straße 38, 10717 Berlin",
1b04db06-57ee-4642-8bed-35689371d0d3,MENU,Candidates found but none validated,2026-09-01 21:42:16,008a7d0b864749f7,L.U.X,Berlin,"Schlesische Straße 41, 10997 Berlin",http://www.lux-berlin.net/
4e9c6095-0aba-47b7-9ba8-03bba82fdec9,WEBSITE,website_status=UNAVAILABLE,2026-09-01 21:42:16,374da7a39bd7e602,Freibeuter,Berlin,"Silvio-Meier-Straße 10, 10247 Berlin",
e108db35-8cfd-49ce-8c4b-5444a0775d1c,WEBSITE,website_status=UNAVAILABLE,2026-09-01 21:42:17,e0ef600c42da7ecc,K1 Bar,Berlin,,
bc4f0e8c-8129-4d93-a8d0-d5365059ec1c,MENU,Candidates found but none validated,2026-09-01 21:42:33,2e84314bb14db5f6,Zum Elefanten,Berlin,"Oranienstraße 12, 10999 Berlin",http://www.zum-elefanten.de
0f5b5e3e-0044-48d7-a0be-cfe600f81dc8,WEBSITE,website_status=UNAVAILABLE,2026-09-01 21:42:33,a1b427221e3c5d72,Zum Goldenen Hahn,Berlin,"Oranienstraße 14a, 10999 Berlin",
49499263-04d8-466e-9d66-e51ba293afc2,WEBSITE,website_status=UNAVAILABLE,2026-09-01 21:42:34,3b6eb89278b12c65,Nova,Berlin,"Urbanstraße 30, 10967 Berlin",
3009291e-4a55-4568-b45f-cb5356257b98,MENU,Candidates found but none validated,2026-09-01 21:42:47,dff5313c1abebec7,mini.mal,Berlin,"Rigaer Straße 31, 10247 Berlin",https://www.birgit.club/minimal
6369931e-6d1c-4d8f-b224-051ba2456428,WEBSITE,website_status=UNAVAILABLE,2026-09-01 21:42:48,b9c9ff76dc74c85e,Golden Hour Bar,Berlin,"Samariterstraße 17, 10247 Berlin",http://vulcano-bar.de/index.html
37d0604a-9c9d-4ab5-a566-00d974f17f17,WEBSITE,website_status=UNAVAILABLE,2026-09-01 21:42:48,30940caccbe13a3a,Zaza,Berlin,"Kastanienallee 12, 10435 Berlin",https://www.zaza-bar.de/
96395fb1-f9bd-41f7-9f6c-48907f025c35,WEBSITE,website_status=UNAVAILABLE,2026-09-01 21:42:48,e809cee045c027e5,Hausbar,Berlin,"Rykestraße 54, 10405 Berlin",
14c32699-5164-4a77-aa67-a9504dba6c97,WEBSITE,website_status=UNAVAILABLE,2026-09-01 21:42:49,1328ef6fcbce6ba7,Eiskristall,Berlin,,
2817532e-ed0f-4d3d-a662-8ab1c6d4faaa,WEBSITE,website_status=UNAVAILABLE,2026-09-01 21:42:50,9dff068d18828192,Holland Mühle,Berlin,"Steglitzer Damm 40, 12169 Berlin",
0dc5b383-a365-4ef3-97f9-bea63ed33162,WEBSITE,website_status=UNAVAILABLE,2026-09-01 21:42:51,21b48266725dfddf,Am Klinikum,Berlin,"Hindenburgdamm 93, 12203 Berlin",
b84b04f4-ebfc-4099-ba78-81fa9938131a,WEBSITE,website_status=UNAVAILABLE,2026-09-01 21:43:05,1d9fb1af2b43e90e,Kaputter Heinrich,Berlin,"Rathenower Straße 49, 10559 Berlin",
fc9b8be8-e789-4738-81e1-ad5d1323155d,WEBSITE,website_status=UNAVAILABLE,2026-09-01 21:43:06,d50226ba6bbd8305,32-16-8,Berlin,"Perleberger Straße 58, 10559 Berlin",https://www.32168.de
fa703b49-818e-435a-ba12-3c1356798409,WEBSITE,website_status=UNAVAILABLE,2026-09-02 00:22:29,07a9c6e510e0b211,Walther Bar,Berlin,"Rheinstraße 40, 12161 Berlin",
29a29d55-69f8-4b82-9a1c-2dbe1b315e0c,WEBSITE,website_status=UNAVAILABLE,2026-09-02 00:22:30,62afc01de864fb29,Pfeffereule,Berlin,"Manfred-von-Richthofen-Straße 158, 12101 Berlin",
2056cfc4-c35a-4043-aed5-aef39930b2f0,WEBSITE,website_status=UNAVAILABLE,2026-09-02 00:22:31,81f8182f184b9f2c,Milchbar,Berlin,"Audre-Lorde-Straße 76, 10997 Berlin",
9ea4ef96-9f3b-45c1-9cff-93591a93ed42,WEBSITE,website_status=UNAVAILABLE,2026-09-02 00:22:32,63535fc3e1092a4f,Chicko,Berlin,,
c747c178-78af-4bc0-a228-6a3dec4c2384,WEBSITE,website_status=UNAVAILABLE,2026-09-02 00:22:33,38220627dd22ea04,9:00 pm,Berlin,,
30d32061-41a2-4bfa-9597-f3d5c39997b1,MENU,Low confidence (0.4),2026-09-02 00:22:52,208c44fa8ebb12d7,Victoria Stadler,Berlin,"Neue Bahnhofstraße 7B, 10245 Berlin",https://www.bar-victoria-stadler.de/
5f45e30b-8559-406e-87aa-bd28e8933588,WEBSITE,website_status=UNAVAILABLE,2026-09-02 00:22:52,af039aeb85bea457,39 Bar,Berlin,"Oranienstraße 39, 10999 Berlin",
b79d204b-78cb-45c5-9aa2-8ae187a9518d,MENU,Candidates found but none validated,2026-09-02 00:23:42,f49adb3cad43a51b,Exclusive Coffee,Berlin,Zwinglistraße 27,http://www.exclusive-coffee.de
6bbc9816-35e4-47b0-a314-410e2550b23b,WEBSITE,website_status=UNAVAILABLE,2026-09-02 00:23:43,c709eeaef90a2f86,Trödler,Berlin,"Dresdener Straße 123, 10999 Berlin",
c6bc21ca-22a4-4f3c-9201-608b83acd2ad,MENU,Candidates found but none validated,2026-09-02 00:23:56,63e59ed0d90581cb,Würgeengel,Berlin,"Dresdener Straße 122, 10999 Berlin",http://www.wuergeengel.de/
4cc000b6-aef9-4e26-b363-15b2fae3dbbe,WEBSITE,website_status=UNAVAILABLE,2026-09-02 00:23:56,3e8bf4d0a9ac6958,Schmitz Katze,Berlin,"Oranienstraße 163, 10969 Berlin",
f3ff6c63-c1a8-46ea-8ef0-3194a5645c53,WEBSITE,website_status=UNAVAILABLE,2026-09-02 00:23:56,3c9b0726ab573dd2,Saz Bar,Berlin,"Adalbertstraße 95a, 10999 Berlin",http://www.sazbar-berlin.de/
ecc13cf4-0598-4254-9c8f-46a0a116a363,WEBSITE,website_status=UNAVAILABLE,2026-09-02 00:23:57,4a66107db61c1513,Trinkteufel,Berlin,"Adalbertstraße 18, 10997 Berlin",
c4cd1299-6578-49ee-9a64-735d714c03ba,WEBSITE,website_status=BLOCKED,2026-09-02 00:23:58,222e6991c35f08b0,eleven n lounge,Berlin,"Grünberger Straße 60, 10245 Berlin",https://www.11nlounge.de
dc6b7ff4-db1f-44ea-b914-725cce79358e,MENU,Candidates found but none validated,2026-09-02 00:24:11,e34cf44a207ec8c3,Club der polnischen Versager,Berlin,"Ackerstraße 168, 10115 Berlin",http://www.polnischeversager.de/
24b7ff88-8468-47bf-96fa-35f9239dded4,MENU,Low confidence (0.4),2026-09-02 00:24:37,d8774104b0b0d3d7,Schokoladen,Berlin,"Ackerstraße 169, 10115 Berlin",https://schokoladen-mitte.de/
736d55df-f7fb-44fe-8417-fce348ec3aad,WEBSITE,website_status=UNAVAILABLE,2026-09-02 00:24:42,31ca7fa6e7fbdcda,Am Park,Berlin,"Ottostraße 9, 10555 Berlin",
94febfe8-f0c5-44e5-bd50-eb28a70a6fb7,WEBSITE,website_status=UNAVAILABLE,2026-09-02 00:24:42,235cc5d359ab8e99,Zacka's Kneipchen,Berlin,"Rummelsburger Straße 78, 10315 Berlin",
0a76c02d-91fd-4335-89ac-fbc3a81e869a,WEBSITE,website_status=UNAVAILABLE,2026-09-02 00:24:43,24fff0a6f7f412d4,Kaduka,Berlin,"Weserstraße 207, 12047 Berlin",
83f024a4-ad2d-47ea-b3bd-dfa1e7994ccf,WEBSITE,website_status=UNAVAILABLE,2026-09-02 00:24:55,7d2b398ff3703fd5,Wirtshaus Wuppke,Berlin,"Schlüterstraße 21, 10625 Berlin",http://www.wirtshaus-wuppke.de/
d8ef8980-ec0e-4a02-8744-fafd04368977,MENU,Candidates found but none validated,2026-09-02 00:25:09,976929110e36c004,Zu mir oder zu dir,Berlin,"Lychener Straße 15, 10437 Berlin",https://www.zumiroderzudir.com/
5509781d-1a7d-41a4-a11e-5125800c86e8,WEBSITE,website_status=UNAVAILABLE,2026-09-02 00:25:09,4db91abdc9e63ccc,Grenzeck,Berlin,"Neue Hochstraße 10, 13347 Berlin",
2e731819-f686-49fd-82f1-277060bb1e7a,WEBSITE,website_status=BLOCKED,2026-09-02 00:25:10,edc7ffd23db57fee,Fuchsbau,Berlin,"Planufer 96, 10967 Berlin",https://fuchsbaukreuzberg.de/
fdf4f391-fe5d-43cd-a777-23f3b9ebcf00,WEBSITE,website_status=UNAVAILABLE,2026-09-02 00:25:10,db5adfae1c1ca284,Style,Berlin,"Straße der Pariser Kommune 11, 10243 Berlin",
b3c225ea-8a74-454e-90ea-6d98ec8ce95e,WEBSITE,website_status=UNAVAILABLE,2026-09-02 00:25:11,22502447d8edc2cf,Bar 11,Berlin,"Wiener Straße 21, 10999 Berlin",
a285e0b4-4500-414a-ac5c-697b92429660,WEBSITE,website_status=UNAVAILABLE,2026-09-02 00:25:12,c0d821865d052595,Bierstube Freiaplatz,Berlin,"Rüdigerstraße 43, 10365 Berlin",
5bfb449a-3877-497c-b1e3-8bd84cf965e1,WEBSITE,website_status=UNAVAILABLE,2026-09-02 00:25:13,f9ed540af79928b1,Panenka,Berlin,"Weichselstraße 27, 10247 Berlin",
3f0802e6-0e01-40d1-ab82-c55629063d77,WEBSITE,website_status=UNAVAILABLE,2026-09-02 00:25:14,88956d22c187c55e,Birkeneck,Berlin,"Charlottenbrunner Straße 12, 14193 Berlin",
76c8a8c6-513e-438a-b466-03193cdf2e36,WEBSITE,website_status=UNAVAILABLE,2026-09-02 00:25:15,49fbc0dd4c2fe1dd,Ratzeputz,Berlin,"Weserstraße 182, 12045 Berlin",
382dad69-14a7-4b5e-8b6d-6686613a9db2,WEBSITE,website_status=UNAVAILABLE,2026-09-02 00:25:16,dc1109c9012e1390,erika & hilde,Berlin,Weigandufer 9,
bc72422d-7660-42c6-b7d7-492161079eb9,WEBSITE,website_status=UNAVAILABLE,2026-09-02 00:25:17,31d651b320a9bdd3,Holzwurm,Berlin,"Waldstraße 6, 10551 Berlin",
2868acf1-5415-43c7-b11b-74c5a9286c68,MENU,Low confidence (0.33),2026-09-02 00:25:30,b920e113aeb09e2f,Stadtklause,Berlin,"Stresemannstraße 37, 10963 Berlin",https://stadtklause.wordpress.com/
75db58a9-198b-4c81-8446-c46409591b8c,WEBSITE,website_status=UNAVAILABLE,2026-09-02 00:25:30,2bf6d8503bc717ae,Vereinsheim Ostelbien II,Berlin,"Koppelweg 56, 12347 Berlin",
c859ee61-a499-40c7-b45e-43ad7b97b61a,MENU,Candidates found but none validated,2026-09-02 00:25:44,c8a51ed453a3f41e,Birgit's Pub,Berlin,"Fritschestraße 29, 10585 Berlin",http://www.birgits-pub.de
ee2e2cf2-bb16-4004-9cab-a67ce03d9ecc,WEBSITE,website_status=UNAVAILABLE,2026-09-02 00:26:22,31896078f56b0304,Derby Klause,Berlin,"Robert-von-Ostertag-Straße 30, 14163 Berlin",https://www.derbyklause.de/
bb2629ff-b440-4b48-91ff-3626bd01130a,WEBSITE,website_status=UNAVAILABLE,2026-09-02 00:26:22,e36648357d289f98,Bar Amelie,Berlin,"Auguststraße 2, 10117 Berlin",http://lolas-bar.de/
1be19110-8fbd-4a5e-ae44-982fe78cf4cf,WEBSITE,website_status=UNAVAILABLE,2026-09-02 00:26:37,1c4e87a88c405009,Sisyfass,Berlin,"Wildenbruchstraße 7, 12045 Berlin",
1f42a1dd-27d6-4701-a493-7f76e560bf09,WEBSITE,website_status=UNAVAILABLE,2026-09-02 00:26:38,a6fac0adf4f3b575,Mon Ami,Berlin,"Föhrer Straße 7, 13353 Berlin",
13271ad0-d8d8-4553-b895-32fd4df00c82,WEBSITE,website_status=UNAVAILABLE,2026-09-02 00:27:00,02450b719b6280fe,BrotfabrikKneipe,Berlin,"1, 13086 Berlin",https://www.brotfabrik-berlin.de/kneipe-in-der-brotfabrik/
06dc06a7-204e-42eb-85e5-4e304e643608,WEBSITE,website_status=UNAVAILABLE,2026-09-02 00:27:00,6e0f506bcf5e8708,Schlesisch Blau,Berlin,Köpenicker Straße 1a,
ff7ba3d7-69f1-4ccf-88a5-6763f5128f14,MENU,Candidates found but none validated,2026-09-02 00:27:15,2613eb30fc9abd20,Tante Lisbeth,Berlin,"Muskauer Straße 49, 10997 Berlin",https://www.pyonen.de/tantelisbeth/
d4977d2c-4b35-461d-bdcd-db9794d57b53,MENU,Candidates found but none validated,2026-09-02 00:28:07,76d7489816574f7e,Bierhaus Urban,Berlin,"Urbanstraße 126, 10967 Berlin",https://www.bierhausurban.de/
8e0190c5-68c3-4e50-abe3-e0ae1199dfcf,WEBSITE,website_status=UNAVAILABLE,2026-09-02 00:28:36,bd048813e7db1c3e,Station Ringbahn,Berlin,"Ringbahnstraße 4, 10711 Berlin",
13326504-f927-419c-ba17-f152b92d9b93,WEBSITE,website_status=UNAVAILABLE,2026-09-02 00:28:37,1196a69dd3f976e1,multilayerladen,Berlin,"Adalbertstraße 4, 10999 Berlin",
b65830a0-8e7d-451a-99b1-fb53dfc633d3,WEBSITE,website_status=UNAVAILABLE,2026-09-02 00:28:38,010948bfe0c5c39d,Henry's Bar,Berlin,"Leonorenstraße 22, 12247 Berlin",
ff255387-80f0-4b4b-b336-cfb328b4db80,WEBSITE,website_status=UNAVAILABLE,2026-09-02 00:28:39,74c6f1addce69c2d,Kapitalist,Berlin,"Oderberger Straße 2, 10435 Berlin",
5c36a5a2-0c35-4d93-b886-1e8f7b7fac1d,WEBSITE,website_status=UNAVAILABLE,2026-09-02 00:28:40,a835e7eaec306c07,Gebauers Tagesbar,Berlin,"Auguste-Viktoria-Straße 55a, 14199 Berlin",
d765790a-a0f5-4e66-b39a-21a5ce47e81b,WEBSITE,website_status=UNAVAILABLE,2026-09-02 00:28:41,43b954c0067f9a84,Bar 380,Hamburg,"Finkenwerder Norderdeich 18a, 21129 Hamburg",
56982081-3a2a-4718-a501-1f4d32a02710,WEBSITE,website_status=UNAVAILABLE,2026-09-02 00:28:42,1cf597567bcc56b7,Tower Bar,Hamburg,,
10f95018-5869-4c21-bdfc-01317404ca3e,WEBSITE,website_status=UNAVAILABLE,2026-09-02 00:28:43,da1589377ed59536,My Way,Hamburg,,
161eb47d-f954-4521-823e-1921adf95f7d,WEBSITE,website_status=UNAVAILABLE,2026-09-02 00:28:44,71e2b91050badf04,Amer's,Hamburg,,
35a8d962-19dc-4326-8ca8-70c4960349f6,WEBSITE,website_status=UNAVAILABLE,2026-09-02 00:28:49,46a6e5006c83c018,Nick's,Hamburg,"Bahrenfelder Straße 206, 22765 Hamburg",
ec76338c-0007-4d2b-a13c-9cf50c2be922,WEBSITE,website_status=UNAVAILABLE,2026-09-02 00:28:50,8c0727d428f6b060,Berliner Betrüger,Hamburg,"Juliusstraße 15, 22769 Hamburg",
82df4123-4406-49eb-a55e-779dc1bbc1d2,WEBSITE,website_status=BLOCKED,2026-09-02 00:28:51,4dd2ca26d1b3f7ea,Kostbar,Hamburg,"Susannenstraße 36, 20357 Hamburg",http://kostbar-schanze.de
e6cecc45-0745-40a0-8e57-d888a8d5f9a5,WEBSITE,website_status=UNAVAILABLE,2026-09-02 00:29:20,21c1747b4e4575e1,Reh-Bar,Hamburg,"Ottenser Hauptstraße 52, 22765 Hamburg",
9e70760b-2895-4ab0-8664-119e492589f7,WEBSITE,website_status=UNAVAILABLE,2026-09-02 00:29:21,b31577661e572626,Familien-Eck,Hamburg,"Friedensallee 2 - 4, 22765 Hamburg",https://www.familieneck.de/
62b592ef-0b42-4187-ad71-755b5075311d,WEBSITE,website_status=UNAVAILABLE,2026-09-02 00:29:21,80ec3fe8f2def0e3,La Belle 2,Hamburg,"Fuhlsbüttler Straße 220, 22307 Hamburg",
c2d9a3b6-6713-4933-8f59-c1f62ac2f9ed,MENU,Candidates found but none validated,2026-09-02 00:29:34,9583090caa961105,Haus 73,Hamburg,"Schulterblatt 73, 20357 Hamburg",https://www.dreiundsiebzig.de/
e1ba6d41-be30-47f6-9b2e-a79e9e819630,MENU,Low confidence (0.33),2026-09-02 00:30:04,1b1cb5ef97e1316b,StrandPauli,Hamburg,"St. Pauli Hafenstraße 89, 20359 Hamburg",https://www.strandpauli.de/
7dba176f-1d0d-43f9-b0de-92b0960ab4ae,WEBSITE,website_status=UNAVAILABLE,2026-09-02 00:30:05,0a481ec217ebf160,Im Tivoli,Hamburg,,
c284f6a7-ff08-457a-84fb-4ca0aea9df5a,WEBSITE,website_status=UNAVAILABLE,2026-09-02 00:30:06,76210106ec9b7335,Wilstorfer Hof,Hamburg,,
be7d464c-49ca-4e2c-91d6-e400e15fc33f,WEBSITE,website_status=UNAVAILABLE,2026-09-02 00:30:07,551beede3878eb17,Schnulze,Hamburg,,
5f7c05b4-0465-4dee-8650-99982a25b0f0,MENU,Candidates found but none validated,2026-09-02 00:30:22,61d4206ef2af1b99,Le Fonque,Hamburg,"Juliusstraße 33, 22769 Hamburg",http://fonque.de/
a78a9712-90a2-4233-856f-e15d5e540904,WEBSITE,website_status=UNAVAILABLE,2026-09-02 00:30:23,c70893da2d970f0f,Goldfischglas,Hamburg,"Bartelsstraße 30, 20357 Hamburg",https://goldfischglas.de/
13bf37aa-a8a0-4ff4-82bb-5c608023ddc9,MENU,Candidates found but none validated,2026-09-02 00:30:46,5088b68c01bddb61,Pony Bar,Hamburg,"Allende-Platz, 20146 Hamburg",http://www.ponybar.com/
10199e6f-5fbc-41d6-855b-bc3a16d5402e,WEBSITE,website_status=UNAVAILABLE,2026-09-02 00:30:47,25dc3bc790cab9a8,Bistro Europa,Hamburg,"Käkenflur 14a, 22419 Hamburg",
c309b0db-8872-4b92-8f8d-3bb6869d772c,WEBSITE,website_status=UNAVAILABLE,2026-09-02 00:30:48,eaa871f075832ab6,Eier Carl,Hamburg,"Fischmarkt 3, 22767 Hamburg",
df0ca212-12e0-406c-9eb5-7b70a864ee6c,WEBSITE,website_status=UNAVAILABLE,2026-09-02 00:30:49,9aaa5607bfe04af1,Come In,Hamburg,"Hummelsbüttler Hauptstraße 55e, 22339 Hamburg",
9ac6ac46-a9b9-4f8a-9488-a574335ad69a,MENU,Candidates found but none validated,2026-09-02 04:16:13,f80fabf28e2a952a,Baradona,Hamburg,"Bismarckstraße 95, 20253 Hamburg",http://baradona.com/
3abdd9d5-bb3b-40e6-9dc2-6508f910a4f4,WEBSITE,website_status=UNAVAILABLE,2026-09-02 04:16:33,e8ff35bea2cc191f,Antik,Hamburg,,
76cdf5e5-235c-4262-b29a-9a62d0a107ba,WEBSITE,website_status=UNAVAILABLE,2026-09-02 04:16:38,16f85d02ff2cb9cb,VielHarmonie,Hamburg,"Markusstraße 17, 20355 Hamburg",
81446359-ae7c-4d00-8ebc-78d3d8a7f5aa,WEBSITE,website_status=UNAVAILABLE,2026-09-02 04:16:39,855a67d0c97742f8,Zur gemütlichen Ecke,Hamburg,,
b122bf69-727a-4c5b-9693-e569f2e7a9f1,MENU,Low confidence (0.4),2026-09-02 04:16:52,28bdbdb408a2f5ae,Mathilde Bar,Hamburg,"Bogenstraße 5, 20144 Hamburg",https://www.mathilde-hh.de/mathilde-bar-eimsb%C3%BCttel/
5d0c83a4-9509-42de-9b09-7a9360dc6172,WEBSITE,website_status=UNAVAILABLE,2026-09-02 04:16:52,129f351d3de29ad3,Christiansen's,Hamburg,,
388127ac-9fac-48e7-af09-0ea0c2b1c9ea,WEBSITE,website_status=UNAVAILABLE,2026-09-02 04:16:53,da89675f15a3714d,Nostalgia Bar,Hamburg,"Große Brunnenstraße 81, 22763 Hamburg",
6d8a5483-86be-4059-88c2-f1d85a606d83,WEBSITE,website_status=UNAVAILABLE,2026-09-02 04:16:54,dc8e91236990b772,Titanic Irish Pub,Hamburg,,
54b5a0b1-af0b-4498-b138-d3b3786d7068,MENU,Candidates found but none validated,2026-09-02 04:16:59,e746ca11687abee1,Goescheneck,Hamburg,"Marienstraße 37, 21073 Hamburg",https://www.goescheneck-harburg.de/
a750fc0a-e96f-45e5-907b-1c04f5d12a4a,WEBSITE,website_status=UNAVAILABLE,2026-09-02 04:16:59,c93d6a31394c477e,Marien Eck,Hamburg,,
e3bad70d-4d61-466c-8727-15c0b623f191,MENU,Candidates found but none validated,2026-09-02 04:17:13,183b8e896518e4b3,Oorlam,Hamburg,"Kohlhöfen 29, 20355 Hamburg",https://www.oorlam.de/
37152cd5-7ef2-494e-8dcf-ea796b6a9338,WEBSITE,website_status=UNAVAILABLE,2026-09-02 04:17:13,61c02101e35c23c7,Musti,Hamburg,,
7e9e438b-e237-4a10-b75d-20d093e8209b,WEBSITE,website_status=UNAVAILABLE,2026-09-02 04:17:14,70237a8ea2738226,Rugen-Eck,Hamburg,"Blomkamp 2, 22549 Hamburg",
c0563942-8f74-4ef0-a4c7-4a673b043799,WEBSITE,website_status=UNAVAILABLE,2026-09-02 04:17:15,c36f23817ae86986,Janssen's,Hamburg,"Rugenbarg, 22549 Hamburg",
2ee05b09-5b8c-4f38-b64b-930b3d12a3d2,WEBSITE,website_status=UNAVAILABLE,2026-09-02 04:17:16,402a557db9a0268d,Bertels,Hamburg,"Feldstraße 73, 20359 Hamburg",
1c752175-0c57-4e5b-9ef4-018538854295,WEBSITE,website_status=UNAVAILABLE,2026-09-02 04:17:17,4016181fbe83b569,Zur Mühlenklause,Hamburg,,
f1f655da-8a19-40b2-86ed-76cadbb5ebac,WEBSITE,website_status=UNAVAILABLE,2026-09-02 04:17:18,0cf81c7f58e58652,Robi's Island,Hamburg,,
ca5f09fc-ca99-4632-acbe-274ee9a17a60,WEBSITE,website_status=UNAVAILABLE,2026-09-02 04:17:19,1deb273f7cefc35b,Kamm In,Hamburg,,
1c265a67-a2cf-4735-b96e-ae9ca4a95c3e,WEBSITE,website_status=UNAVAILABLE,2026-09-02 04:17:20,2db812edc6d0518f,Marktschänke,Hamburg,,
8d2abbce-b9a2-4d82-ad08-6ebb0c6d25ef,WEBSITE,website_status=UNAVAILABLE,2026-09-02 04:17:21,0b54f9fbedc8d7fe,Holsten-Eck,Hamburg,"Luruper Hauptstraße 250a, 22547 Hamburg",
581f966b-509c-4ac9-a07f-c38fe8d03544,WEBSITE,website_status=UNAVAILABLE,2026-09-02 04:17:22,2e2d997533dbdce8,1 & Dreißig,Hamburg,,
b3bb5586-b20a-4853-b81d-b71b44f7a81e,WEBSITE,website_status=UNAVAILABLE,2026-09-02 04:17:23,932609981ef23e7a,Gold Bar's,Hamburg,,
dee81c0d-c640-4504-9d99-983a4cf57ccd,WEBSITE,website_status=UNAVAILABLE,2026-09-02 04:17:24,48a651baeddca523,Metro Bar,Hamburg,"Dehnhaide 2, 22081 Hamburg",
f7113eb8-d368-4415-8cd3-b268f317fd25,WEBSITE,website_status=UNAVAILABLE,2026-09-02 04:17:25,1ec65525368d0a1b,Cheers & Sasa,Hamburg,,
295c0922-e0cc-40d9-8913-fc5d63536628,WEBSITE,website_status=BLOCKED,2026-09-02 04:17:32,c602fbe6cb701969,Zum Silbersack,Hamburg,"Silbersackstraße 9, 20359 Hamburg",https://zumsilbersack.de/
eadcce43-b714-4707-b3a6-908c7ed2bf2b,MENU,Candidates found but none validated,2026-09-02 04:17:55,2f4735be8660cca3,Schramme 10,Hamburg,", 20249 Hamburg",https://schramme10.com/
bf86c384-790a-4f0f-b2fb-c67f142b6ab1,WEBSITE,website_status=UNAVAILABLE,2026-09-02 04:17:56,91bf035686239c0e,Die Glocke,Hamburg,"Klosterallee 65, 20144 Hamburg",
614856b2-aa2d-46fc-97b9-3b13af3d2692,WEBSITE,website_status=UNAVAILABLE,2026-09-02 04:17:57,423c8a266c6238fe,Pavlos-Eck,Hamburg,"Oldachstraße 34, 22307 Hamburg",
1aa30a00-8b3d-4158-a542-f35aa046a44a,WEBSITE,website_status=UNAVAILABLE,2026-09-02 04:17:58,603b411d8132b550,Onkel Otto,Hamburg,,
271e7dae-f105-4131-afae-6d936da05e02,WEBSITE,website_status=UNAVAILABLE,2026-09-02 04:17:59,cc5c8b14269c85c0,ahoi,Hamburg,,
43ed641e-7cc2-444b-9cad-012684926176,WEBSITE,website_status=UNAVAILABLE,2026-09-02 04:18:12,d023f7475318887a,Paolas,Hamburg,,
673d40f7-9b12-4236-8c0e-a86e333f4008,WEBSITE,website_status=UNAVAILABLE,2026-09-02 04:18:13,6d7355bf5a413de0,M&V Gaststätte,Hamburg,"Lange Reihe 22, 20099 Hamburg",
a34b925b-36ed-4941-8a86-1c31e765cff9,WEBSITE,website_status=UNAVAILABLE,2026-09-02 04:18:14,224946745df23c5d,Kiez Klause,Hamburg,"Gerhardstraße 10, 20359 Hamburg",
6b74c1b8-6c88-4111-b164-192f8402b011,WEBSITE,website_status=UNAVAILABLE,2026-09-02 04:18:15,54e6b88939c7b1c3,Chikago Bar,Hamburg,"Gerhardstraße 10, 20359 Hamburg",
6608cb45-80fa-4cc0-83a0-21a0d5df24b3,WEBSITE,website_status=UNAVAILABLE,2026-09-02 04:18:16,122b550c34d69455,Der blaue Engel von St. Pauli,Hamburg,"Gerhardstraße 16, 20359 Hamburg",
c8254ea8-c6b1-4544-9e53-e5173ea7c7a3,MENU,Candidates found but none validated,2026-09-02 04:18:51,39e345e61a715dd6,Zum Schellfischposten,Hamburg,"Carsten-Rehder-Straße 62, 22767 Hamburg",http://www.schellfischposten.de
12f02818-9f19-4fe4-bd2b-8cc99056c75e,WEBSITE,website_status=UNAVAILABLE,2026-09-02 04:18:52,c4a2fdc90bfc441c,Gaststätte Dreyer,Hamburg,"Martin-Luther-Straße 4, 20459 Hamburg",
9a22679c-e362-4c15-a331-35180f9fe275,WEBSITE,website_status=UNAVAILABLE,2026-09-02 04:18:53,5a05f012c3db8dfe,Erste Liebe Bar,Hamburg,,
7863de5d-fcb7-433d-af5a-cbba1f0522eb,WEBSITE,website_status=BLOCKED,2026-09-02 04:18:53,eb28bbe839b867d7,Cocktrail Bar,Hamburg,"Schürbeker Straße 12, 22087 Hamburg",http://www.cocktrail.de/
24a057fe-2999-42e9-baab-ab57b75b6ba7,WEBSITE,website_status=UNAVAILABLE,2026-09-02 04:18:53,e2c0c08cf068e041,Arcotel Rubin,Hamburg,"Steindamm 63, 20099 Hamburg",
bac8f2f7-2d95-41ba-baff-edcbe5344bce,WEBSITE,website_status=UNAVAILABLE,2026-09-02 04:18:55,3a8833cc6eddded0,Bellini Bar,Hamburg,,
782ac595-eb17-4d03-a18c-70e986bc1c0a,WEBSITE,website_status=UNAVAILABLE,2026-09-02 04:18:56,73e2f018c7e078b6,Zum Spritzenhaus,Hamburg,,
6ba045ea-14b7-4db2-a7b6-ae0e2a3787b1,WEBSITE,website_status=UNAVAILABLE,2026-09-02 04:18:57,75a04c1db1f14e45,del Vino,Hamburg,,
5461a35b-a5fa-410d-af62-0f87f534a73e,WEBSITE,website_status=UNAVAILABLE,2026-09-02 04:18:58,28ce8dcca2ac6c81,Berner Marktschänke,Hamburg,"Kriegkamp 4, 22147 Hamburg",
df7def13-e947-42df-9792-0de576f2afd0,WEBSITE,website_status=UNAVAILABLE,2026-09-02 04:18:59,0314bf5eb1d69d01,Downtown Bluesclub,Hamburg,,
b02ca7dc-99b2-4b4d-bef4-1b811dff31b1,WEBSITE,website_status=UNAVAILABLE,2026-09-02 04:18:59,f8069552df66c7a2,El Ray,Hamburg,,
22bcca29-00f2-4396-adcc-013c7fdcc170,MENU,Candidates found but none validated,2026-09-02 04:19:19,47f8a201960aa351,Max und Consorten,Hamburg,"Spadenteich 1, 20099 Hamburg",https://maxundconsorten.de/
80ab43e8-0dcb-4d4f-bcfe-666adb367bc7,WEBSITE,website_status=UNAVAILABLE,2026-09-02 04:19:24,8e6fcacd3a3b4ce1,Feierabend,Hamburg,,
39e5a897-4853-43e0-8b06-a82e43354396,MENU,Candidates found but none validated,2026-09-02 04:19:38,713226bdbdc1baac,The Irish Rover,Hamburg,"Großneumarkt 8, 20459 Hamburg",http://www.irishrover.de/
d077e270-d093-46b2-a968-8a7de5326e0e,WEBSITE,website_status=UNAVAILABLE,2026-09-02 04:19:38,f718b68d48ab608b,SportsBar,Hamburg,,
9ce05789-dcb8-4a29-87b0-bda0f4c7f8a8,WEBSITE,website_status=UNAVAILABLE,2026-09-02 04:19:40,74608deb473a67df,Dorotheen-Eck,Hamburg,,
b286a9c8-7ac9-4bd5-86b8-1900d92babfa,WEBSITE,website_status=UNAVAILABLE,2026-09-02 04:19:41,fe4d5e8d399c1613,Les Pompettes,Hamburg,,
6fc79bc3-936e-468e-a72d-1d3949aa9d22,WEBSITE,website_status=UNAVAILABLE,2026-09-02 04:19:42,2113b9dfbf12534d,Gurke,Hamburg,,
e794262c-b966-4e6e-982f-268033c9fb58,WEBSITE,website_status=UNAVAILABLE,2026-09-02 04:19:43,a20b0b6266c08265,Estrilie,Hamburg,,
52ace14c-4ce0-4383-94d2-48ee12d7d9bf,WEBSITE,website_status=UNAVAILABLE,2026-09-02 04:19:44,31dfa10e1c0c0327,Mozaik,Hamburg,,
671a6f3b-a499-40de-a57e-f2df8b24c812,WEBSITE,website_status=UNAVAILABLE,2026-09-02 04:19:45,61f1e1b8cea733fa,Tibarg Treff,Hamburg,,
c189d85a-a7ad-4fa6-9664-d890ebd3423c,WEBSITE,website_status=UNAVAILABLE,2026-09-02 04:19:46,55e907ea0f727ec3,Windschirm,Hamburg,"Hallerplatz 8, 20146 Hamburg",
98c85d80-6a11-42b7-b11a-3b907b305bee,MENU,Candidates found but none validated,2026-09-02 04:19:59,6d9464d84cbce5ff,Schweizer Haus,Hamburg,"Hadermanns Weg 57, 22459 Hamburg",https://schweizer-haus.eatbu.com
281f51e7-e56d-4207-9029-89263e8dda35,WEBSITE,website_status=UNAVAILABLE,2026-09-02 04:19:59,70c80a5270fa01d1,Victor's Bratkartoffel Restaurant,Hamburg,"Quedlinburger Weg 84, 22455 Hamburg",http://www.victors-niendorf.de
da39c6de-ec5e-40a0-8b17-db02840565e1,WEBSITE,website_status=UNAVAILABLE,2026-09-02 04:19:59,30bf1c6cb8a40632,Monty's,Hamburg,,
21cf80b9-e9a9-43c7-80d1-eab7e86a3c21,WEBSITE,website_status=UNAVAILABLE,2026-09-02 04:20:00,12435e82691312ec,Kuhstall,Hamburg,,
1dc4eab3-7dfb-4ae1-9ed4-7c61039e2181,MENU,Candidates found but none validated,2026-09-02 04:20:13,1c149efdeee32796,Shovel Road,Hamburg,"Gasstraße 2a, 22761 Hamburg",http://www.shovelroad.de
4df5e170-87a3-4526-87c6-d92b2bbd0fb4,WEBSITE,website_status=UNAVAILABLE,2026-09-02 04:20:14,6fca199bebd128a7,Kopps Bar,Hamburg,,
6de3fb46-d355-4c55-b364-0aacf24f904b,MENU,Candidates found but none validated,2026-09-02 04:20:27,b2645055b0c5e2f2,Fritz Bauch,Hamburg,"Bartelsstraße 6, 20357 Hamburg",http://www.fritzbauch.de/
27d3584b-e24c-45b0-8d02-52d44ff2b862,WEBSITE,website_status=UNAVAILABLE,2026-09-02 04:20:27,c943b3debe3153ea,Astro Drink Bombe,Hamburg,"Bartelsstraße 55, 20357 Hamburg",
258610af-e815-4c38-93c3-70e2654a6b1a,WEBSITE,website_status=UNAVAILABLE,2026-09-02 04:20:28,ad6e9a13b9412923,No Name,Hamburg,"Elligersweg 7, 22307 Hamburg",
90892b08-734b-45cd-9f02-042bfb51b950,WEBSITE,website_status=UNAVAILABLE,2026-09-02 04:20:29,9bad0132310ec4c6,Astra,Hamburg,,
897c9743-f5e6-4871-8dd3-5f900c5e1a4a,WEBSITE,website_status=UNAVAILABLE,2026-09-02 04:20:30,4252325c824c2c3b,Queen Mum,Hamburg,,
c2108ace-b10c-4871-ab57-f64908bde938,WEBSITE,website_status=UNAVAILABLE,2026-09-02 04:20:31,366f61ed688543ec,Mutter,Hamburg,"Stresemannstraße 11, 22769 Hamburg",
cde0c574-037c-425c-92e4-91e0f0f7044e,WEBSITE,website_status=UNAVAILABLE,2026-09-02 08:15:56,bca460b8b8a5c32d,Mäxx,Hamburg,,
9c4ba052-d6bc-40b6-afcc-f3f4c5e73249,WEBSITE,website_status=UNAVAILABLE,2026-09-02 08:15:57,f9d4cd857dae3c61,Dingsda,Hamburg,,
1f8253e5-5ac9-4360-a20b-37680a6d9c70,WEBSITE,website_status=UNAVAILABLE,2026-09-02 08:15:58,a6ed6302505ea446,Drei Eichen,Hamburg,,
48bbcf4b-091b-4d0e-ab01-e8a77b43b80c,WEBSITE,website_status=UNAVAILABLE,2026-09-02 08:15:59,6195065d735b8023,Zum Wandsetaler,Hamburg,"Walddörferstraße 247, 22047 Hamburg",
f1b473e5-b119-4ec3-b1b4-9aa4aab6963c,WEBSITE,website_status=UNAVAILABLE,2026-09-02 08:16:00,6ce5725cdbd30fa6,Eldorado,Hamburg,"Wohlwillstraße 50, 20359 Hamburg",
affe6665-a1e3-4193-905d-9e868c2bbd54,WEBSITE,website_status=BLOCKED,2026-09-02 08:16:00,c0810c99a7cfb2be,The Chug Club,Hamburg,"Taubenstraße 13, 20359 Hamburg",https://www.thechugclub.bar/
fc94d1f7-e5d4-45c8-b098-4ec356bf43b6,WEBSITE,website_status=UNAVAILABLE,2026-09-02 08:16:01,2c1cc3d41a8d6190,Die Narzisse,Hamburg,"Friedrich-Ebert-Damm 49, 22047 Hamburg",
01355f41-7959-4031-8768-828c74f4a02d,WEBSITE,website_status=UNAVAILABLE,2026-09-02 08:16:15,f2aa46561be893e0,Zur letzten Minute,Hamburg,,
854c2897-bfd0-428d-97fd-891b90312376,WEBSITE,website_status=UNAVAILABLE,2026-09-02 08:16:16,88e929a3097b289b,Zum Lohhof,Hamburg,"Moorende 27, 20535 Hamburg",
d788f2a7-aa6f-40d0-90dc-2e03de9499fc,WEBSITE,website_status=UNAVAILABLE,2026-09-02 08:16:17,5b7c3fc4cbda6396,Club Europa,Hamburg,"Schiffbeker Weg 22, 22111 Hamburg",
488f6477-4b73-4803-ba86-237d733433eb,WEBSITE,website_status=UNAVAILABLE,2026-09-02 08:16:18,12a70a26e6f531a6,Krause Eck,Hamburg,"Krausestraße 46, 22049 Hamburg",
ba200b96-226a-493e-9154-95efe7142a62,WEBSITE,website_status=UNAVAILABLE,2026-09-02 08:16:22,a166f14eb40f2b5e,Sunset Billard,Hamburg,"Walddörferstraße 110, 22041 Hamburg",http://www.sunset-billard-wandsbek.com/
dbad8dc7-2fda-435c-ba97-ec98f25c9d02,WEBSITE,website_status=UNAVAILABLE,2026-09-02 08:16:22,09714580729af183,Imstedt 4,Hamburg,,
2cb9ad29-ce96-447e-82d5-8d322bf9cb6c,WEBSITE,website_status=UNAVAILABLE,2026-09-02 08:16:23,b77d1a9662acfb26,Holzmühlen Eck,Hamburg,,
1368c6d1-9572-4bb1-9a3a-4cf453570c3b,WEBSITE,website_status=UNAVAILABLE,2026-09-02 08:16:24,85bcfa5efc8c66df,Zum alten Bahnhof,Hamburg,,
e5d2db57-491a-4986-9ee3-49326d7ba94a,WEBSITE,website_status=UNAVAILABLE,2026-09-02 08:16:25,0fd3235b17488b70,Zum Wilhelmsburger,Hamburg,,
a345a30c-2f1c-443f-94ac-621014fefa1f,WEBSITE,website_status=UNAVAILABLE,2026-09-02 08:16:26,28b8dc89212e01bd,Lehmitz,Hamburg,Reeperbahn 22,
fb99af50-9314-4785-b433-bc5c323d8fe3,WEBSITE,website_status=UNAVAILABLE,2026-09-02 08:16:27,d9359379d9280bce,"Ilohh, Bar am Ende der Welt",Hamburg,,
0fb0a839-0600-4c34-9c5c-59aed525e4d7,WEBSITE,website_status=UNAVAILABLE,2026-09-02 08:16:28,e558add515e458b5,Ostria,Hamburg,"Peterskampweg 48, 22089 Hamburg",
2fe7ec27-dd22-4f71-b96b-e0f54d51fc3a,WEBSITE,website_status=UNAVAILABLE,2026-09-02 08:16:29,99076190064b2d32,Holstenstübchen,Hamburg,,
fb126925-758a-4b3c-851b-92a2b73f02f7,WEBSITE,website_status=UNAVAILABLE,2026-09-02 08:16:30,e1fe0443b6938df3,Gondel,Hamburg,,
4b56e6d5-30f9-4ee6-9070-20662a060f08,WEBSITE,website_status=UNAVAILABLE,2026-09-02 08:16:31,bb9640334f567392,Rissener Dorfkrug,Hamburg,,
f7b289f6-3bda-4cdd-bc6a-fe5bef4d6301,WEBSITE,website_status=UNAVAILABLE,2026-09-02 08:16:32,451ee456b274cefc,Blauer Peter,Hamburg,,
c6984b12-4c6f-45e2-984a-21d551dfa90d,WEBSITE,website_status=UNAVAILABLE,2026-09-02 08:16:33,b2d66eee230599e7,Molly Malone,Hamburg,,
a1cfe671-8a85-4c61-bf09-87217815f1ea,WEBSITE,website_status=UNAVAILABLE,2026-09-02 08:16:34,2b4609caa902b685,Roschinsky's,Hamburg,,
e432c650-39ef-4b26-bd5c-e24ff119dfef,WEBSITE,website_status=UNAVAILABLE,2026-09-02 08:16:35,dc3e4b278776f8b0,20 Flight Rock,Hamburg,Hans-Albers-Platz 1,
311ad73e-d08a-4098-8a1e-bed57f017e50,WEBSITE,website_status=UNAVAILABLE,2026-09-02 08:16:36,9dcce013a4480d74,Chez Lorsin,Hamburg,Friedrichstraße 29,
52288006-15a4-45dc-80c1-fa3c3a7db9fe,WEBSITE,website_status=UNAVAILABLE,2026-09-02 08:16:37,206864f3d58b9b55,Lunacy,Hamburg,,
13e87ebc-7e88-45f8-947f-6e1e88b6fb6c,WEBSITE,website_status=UNAVAILABLE,2026-09-02 08:16:38,0c618861f0db681f,The Academy,Hamburg,,
911f3f66-466d-46fb-8798-1cbace78bf5f,WEBSITE,website_status=UNAVAILABLE,2026-09-02 08:16:51,efeea51c0cb1d732,Roth,Hamburg,,
2fbe6779-e926-4a45-a329-407d39090fb0,WEBSITE,website_status=UNAVAILABLE,2026-09-02 08:16:52,ce05e44f82cd4f8c,Komet,Hamburg,,
b7b72213-bcca-4631-a88b-03a70e3a3ed0,MENU,Low confidence (0.4),2026-09-02 08:17:06,7b520c85155fabb3,Zur Traube,Hamburg,"Karl-Theodor-Straße 4, 22765 Hamburg",https://www.traube-hamburg.com/
b8b0d9b6-083c-4dce-808b-fce9b1a22fd2,WEBSITE,website_status=UNAVAILABLE,2026-09-02 08:17:06,4d7c406a5256e4df,Shisha Lounge Maya,Hamburg,"Bahrenfelder Straße 142, 22765 Hamburg",
756e8010-f2f0-4ac8-b332-d7d54a49bb53,WEBSITE,website_status=UNAVAILABLE,2026-09-02 08:17:07,52c1f87f53964487,Gaststätte Möller,Hamburg,,
dd4527bb-7618-4db4-9d5f-9cc35dc27e75,WEBSITE,website_status=UNAVAILABLE,2026-09-02 08:17:08,94f3b025c16c9f7f,Bar Wohlzimmer,Hamburg,Wohlwillstraße 2,
e59872c2-299f-4235-ac85-30e40f8adee1,WEBSITE,website_status=UNAVAILABLE,2026-09-02 08:17:09,a505745836311b8e,wildfang pub,Hamburg,,
8c0fdd59-72b4-4679-aa5f-6aaa3035f376,WEBSITE,website_status=UNAVAILABLE,2026-09-02 08:17:10,7e1aee10f9863574,Katz & Kater,Hamburg,,
c47d7621-4f75-45f1-a03e-bf4383cae1f6,MENU,Candidates found but none validated,2026-09-02 08:17:24,2389589da6117c0d,Wintergarten,Munich,"Nordendstraße 37, 80796 München",https://www.wintergarten-schwabing.de/
1db88edf-33c3-4b44-8be2-d854ba342770,WEBSITE,website_status=UNAVAILABLE,2026-09-02 08:17:32,c6dab27681d33b94,Shaxe Bar,Munich,,
af355c77-65d7-4343-b961-616d4a886802,MENU,Candidates found but none validated,2026-09-02 08:17:46,6cd0321f3db5d597,Pils-Pub Royal,Munich,,https://pilspubroyal.eatbu.com/?lang=de
3029db27-8e4a-439c-ada8-145e6daf6fa3,WEBSITE,website_status=UNAVAILABLE,2026-09-02 08:17:46,b9458fcb19e6a1e4,Pizza Manufaktur,Munich,"Wenzelstraße 2, 80937 München",
5b5c7c36-5764-49ae-b849-883ab500a539,WEBSITE,website_status=UNAVAILABLE,2026-09-02 08:17:47,463a570a355d0df1,Caracciolastüberl,Munich,,
34d64b38-c207-47c8-8c2f-15eb7fc9b4e2,WEBSITE,website_status=UNAVAILABLE,2026-09-02 08:17:47,8659def31ca89e49,Zum Kuckuck Nochmal,Munich,Weitlstraße 115,https://zumkuckuck-nochmal.de/
890ca413-069a-4097-a2d7-a68d345cc999,WEBSITE,website_status=UNAVAILABLE,2026-09-02 08:17:48,a72b5068af235763,Zum Dachs,Munich,"Säbener Straße 173, 81547 München",
4ae624fc-3c2d-4f1f-92d5-1095dbcfe11d,WEBSITE,website_status=UNAVAILABLE,2026-09-02 08:17:49,8ab7a52555aef751,Buon Gusto,Munich,,
73c15a82-07a2-4939-b6ba-2cc963a046c3,WEBSITE,website_status=UNAVAILABLE,2026-09-02 08:17:50,1a1329e8643866c8,Auerfeld,Munich,,
8dd36f52-6c11-4826-a5b8-a4cff41f1cc5,WEBSITE,website_status=UNAVAILABLE,2026-09-02 08:17:51,b3f7ad4ae0e76a22,Metz 7,Munich,Metzstraße 7,
9f293d2b-eb53-47a6-9fcf-5481990acb4b,MENU,Candidates found but none validated,2026-09-02 08:18:18,3c66118e0dc83008,Bar Tapas Teatro,Munich,"Balanstraße 23, 81669 München",https://www.teatro-bar-tapas.de/
edf96f7d-7710-40a9-90f0-cc9abc562281,WEBSITE,website_status=UNAVAILABLE,2026-09-02 08:18:51,00bd50f6123cf5e4,Ortakahve,Munich,,
38bb4d88-a266-41b6-b497-d91a7da0cbf0,MENU,Candidates found but none validated,2026-09-02 08:19:04,664bea94a10e6ff5,Molly Malone's,Munich,Kellerstraße 21,http://www.molly-malones.org/
2933f2eb-a7c8-4009-afee-4c48195b10e7,WEBSITE,website_status=UNAVAILABLE,2026-09-02 08:19:11,63f63eeabc8c02d2,La Bodeguita,Munich,,
7bb9a8ff-ba03-4674-90e3-19945af29c84,MENU,Low confidence (0.4),2026-09-02 08:19:25,c4bbe80b432d48b1,Bar Room München,Munich,,https://www.barroom-muenchen.de/
a2f20fa4-de71-4e70-bb1a-994e71ef9737,MENU,Candidates found but none validated,2026-09-02 08:19:48,b3e438cded1fb424,Alter Ofen,Munich,"Zieblandstraße 41, 80798 München",http://www.alter-ofen.de
5f19184a-e199-455a-8b92-9c71e36dcac3,WEBSITE,website_status=UNAVAILABLE,2026-09-02 08:19:49,35cdcbabc57d244c,Isarflimmern,Munich,,
ec39ad6e-2e50-4cf1-8f6f-3b5ef03d9ad5,MENU,Candidates found but none validated,2026-09-02 08:20:02,89ca3af968d7622d,Schumann's,Munich,"Odeonsplatz 7, 80539 München",https://schumanns.de/de/index.html
678fcf7b-1394-439b-bed9-a6cf7c6f0490,MENU,Candidates found but none validated,2026-09-02 08:20:26,35d17ff019d11cd3,Lucky,Munich,"Sankt-Veit-Straße 68, 81673 München",https://www.lucky-bar.de/home/home_main.php
147fcbf8-2a1b-455b-a1c9-34fe54c527d9,WEBSITE,website_status=UNAVAILABLE,2026-09-02 08:20:26,85456c592f3edff1,s'Zwölferl,Munich,"Seitzstraße 12, 80538 München",
76dee2c7-194a-4628-8991-40f3b48f51ad,WEBSITE,website_status=UNAVAILABLE,2026-09-02 08:20:27,26dcad363743ee02,The Moon Bar Lehel,Munich,"Thierschplatz 5, 80538 München",
372573b8-bc78-4bfd-8ee4-ac9d00f4b636,WEBSITE,website_status=UNAVAILABLE,2026-09-02 08:20:28,9643d8aa788fe154,Kauz,Munich,,
fe22a50c-9787-4718-a6b0-104b1318451b,WEBSITE,website_status=UNAVAILABLE,2026-09-02 08:20:28,a3debfd5bcf97e81,Kubaschewski,Munich,"Karlsplatz 5, 80335 München",https://kubaschewski.bar/
964503c2-3f52-4603-a288-6d680f11bfbf,WEBSITE,website_status=UNAVAILABLE,2026-09-02 08:20:29,3294ffb74cb3312d,Graf Arco Stub'n,Munich,,
7a0a0960-f98b-492e-bb10-6c5cc0494002,WEBSITE,website_status=UNAVAILABLE,2026-09-02 08:20:30,15ba4272c232c472,Cohibar City,Munich,"Herzog-Rudolf-Straße 2, 80539 München",
40a53f9b-9cf1-48e3-b522-5388db33e6af,WEBSITE,website_status=UNAVAILABLE,2026-09-02 08:20:31,bbb553000e1700c8,Devo's,Munich,"Stadelheimer Straße 19, 81549 München",
0441a96d-530e-416b-94e1-cd133a54ff0d,WEBSITE,website_status=UNAVAILABLE,2026-09-02 08:20:32,9b554f7ec0471a05,Stüberl,Munich,"Sankt-Wolfgangs-Platz 8b,  München",
27e1321d-ff01-46ae-9816-979220e4a39a,WEBSITE,website_status=UNAVAILABLE,2026-09-02 08:20:33,b243ebae8eee0c1c,Strobl's Bierstuben,Munich,"Pflaumstraße 10, 80995 München",
2583bf24-2d50-4468-935b-329aa8a0b0c4,WEBSITE,website_status=UNAVAILABLE,2026-09-02 08:20:34,b8d080fc8ed3464e,ReMo's,Munich,"Irisstraße 1, 80935 Munich",
241f7268-f883-43ba-aa37-1aa181301034,WEBSITE,website_status=UNAVAILABLE,2026-09-02 08:20:35,950695d716cbc9ff,Paradiso Tanzbar,Munich,"Rumfordstraße 2, 80469 München",
56ca48cb-6a18-41f1-af74-5f36800f6abf,MENU,Candidates found but none validated,2026-09-02 08:35:02,bae2e9ac3b705d57,Filmcasino,Munich,"Odeonsplatz 8, 80539 München",https://filmcasino.net/
2eb25756-21ec-4cdd-983a-bbc6fb3ba665,WEBSITE,website_status=UNAVAILABLE,2026-09-02 08:35:05,1a1a8f9972f8779e,Bei Dagmars Herbi,Munich,"Alramstraße 7, 81371 München",
d4302c03-9573-45c1-a7b2-394d12979f65,WEBSITE,website_status=UNAVAILABLE,2026-09-02 08:35:07,30c260d022463b7c,Alessio,Munich,"Naupliastraße 50b, 81547 München",
a7904fb6-36da-4d29-9db9-f867db05553f,WEBSITE,website_status=UNAVAILABLE,2026-09-02 08:35:07,7f4352650ba8b147,Palm Lounge,Munich,"Ständlerstraße 42, 81549 München",
0f2bd47b-fea1-4f23-937c-9ea11ec595a5,MENU,Candidates found but none validated,2026-09-02 08:35:21,7cbe0f4707768207,Schau ma moi,Munich,"Tegernseer Landstraße 82, 81539 München",https://www.cafeschaumamoi.de/
cbc735b9-4f0b-4286-b7a3-e82726f4e425,WEBSITE,website_status=UNAVAILABLE,2026-09-02 08:35:22,0cd93734167012d4,Zum Jennerwein,Munich,"Belgradstraße 27, 80796 München",
0f41d70c-fc2d-4ca6-a82e-b88f73dd48f0,WEBSITE,website_status=UNAVAILABLE,2026-09-02 08:35:39,6c5885927fae6254,Pils-Pub,Munich,,
91f5604b-49ec-4863-bc5a-cb6570231129,WEBSITE,website_status=UNAVAILABLE,2026-09-02 08:35:39,00fd353f6528a3ad,La Cantina,Munich,,
36098c81-8c10-4006-a37e-59871734b40c,WEBSITE,website_status=UNAVAILABLE,2026-09-02 08:35:39,e264d5d2894264b0,Juicy Shisha Lounge,Munich,"Berg-am-Laim-Straße 91,  München",
160919a0-9fdc-4cc2-80db-0c22ceb51b20,WEBSITE,website_status=UNAVAILABLE,2026-09-02 08:35:39,a6ba2e72301b4ed0,Buena Vista,Munich,,
765e75d3-e8e7-4807-ae0a-0a43db4c55d3,WEBSITE,website_status=UNAVAILABLE,2026-09-02 08:35:39,f6368d9684e4d171,Die Kneipe 80,Munich,"Theresienstraße 72, 80333 München",
4ae9fc97-0d9b-4eb3-ab3b-3e2ea77d97dd,WEBSITE,website_status=UNAVAILABLE,2026-09-02 08:35:39,834e42464858884b,Ver o Peso,Munich,,
a36747dc-c84d-43f4-9ae5-eb853ba355b1,WEBSITE,website_status=UNAVAILABLE,2026-09-02 08:35:39,effe1b666be0eeb5,Giesinger Stehausschank,Munich,"Ganghoferstraße 23, 80339 München",
60f185f1-c62d-4f33-891f-cd4bb6fa764d,WEBSITE,website_status=UNAVAILABLE,2026-09-02 08:35:44,57d9107dac800c86,Tijuana,Munich,"Leopoldstraße 13a, 80802 München",https://tijuanabar-munich.de/
e0cd3f07-f520-4e57-9a31-049a8d245aad,WEBSITE,website_status=UNAVAILABLE,2026-09-02 08:35:46,582aaa7632af2506,Paalma,Munich,"Burgkmairstraße 60, 80686 München",
2c8e6988-d081-4cc4-b32a-20c800630c57,MENU,Candidates found but none validated,2026-09-02 08:36:00,b65523a839e7dc0b,Alter Simpl,Munich,"Türkenstraße 57, 80799 München",https://www.alter-simpl.de/
e6876d7c-12aa-4dfa-867a-0032829c4a0c,MENU,Candidates found but none validated,2026-09-02 12:20:14,08ac46532a569eb6,Vega Bar,Munich,"Georgenstraße 56, 80799 München",https://www.vega-bar.de/
20de12a7-37d4-4c82-86ad-c66308db6c51,WEBSITE,website_status=UNAVAILABLE,2026-09-02 12:20:15,c8c31e46bcb5e774,Wirtshaus zum lustigen Bauern,Munich,,
e046e8a9-38c7-4afa-91b8-10a9ba1f54cd,WEBSITE,website_status=UNAVAILABLE,2026-09-02 12:20:16,09aa962a0cc407aa,Arena,Munich,,
fb2e6a6a-2734-4186-b585-1fe045cb0405,WEBSITE,website_status=UNAVAILABLE,2026-09-02 12:20:17,edeac9c359a9471d,Bistro Playhouse Treff,Munich,,
15662cfc-6555-4a2e-8cd2-f5d9404079d0,WEBSITE,website_status=UNAVAILABLE,2026-09-02 12:20:18,7d40d32c66ec1571,Herrnbräu-Stüberl,Munich,"Allacher Straße 150, 80997 München",
7c7a7bc4-34a8-4520-b754-3044d45a77fe,WEBSITE,website_status=UNAVAILABLE,2026-09-02 12:20:19,6b481089248dde02,Zum Fiaker,Munich,"Josef-Beiser-Straße 25, 81737 München",
b7098a74-26e1-48c6-b16c-9baec085064b,WEBSITE,website_status=UNAVAILABLE,2026-09-02 12:20:19,ee1232ac5637b235,Hofangerstüberl,Munich,,
bdb420d5-716d-449d-b312-75e61f944f4a,WEBSITE,website_status=UNAVAILABLE,2026-09-02 12:20:19,4a36af59ce2ad1e2,Gambrinus Stüberl,Munich,,
a3f8f3ee-c848-493b-b0e3-60b2c3c849e6,WEBSITE,website_status=UNAVAILABLE,2026-09-02 12:20:19,55c318af88e0cce4,Fendstüberl,Munich,"Fendstraße 4, 80802 München",
4ec903f1-6bbd-4e3a-98a9-377f7cad1dcd,WEBSITE,website_status=UNAVAILABLE,2026-09-02 12:20:19,ff4a80d93b712637,No 1,Munich,"Baubergerstraße 19, 80992 München",
7f907691-0491-4eb7-9231-07de9abc1e98,MENU,Candidates found but none validated,2026-09-02 12:20:32,ab479bd6bd19111b,Kilians,Munich,"Frauenplatz 11, 80331 München",https://kiliansirishpub.de/
1095c5d6-a227-4207-ac04-27bbb57babbd,WEBSITE,website_status=UNAVAILABLE,2026-09-02 12:20:32,3ff9d8cdc5812c19,Gmiatliches Eck,Munich,"Säbener Straße 7, 81547 München",
f9e87d0d-959c-45aa-8787-75b0526af18c,MENU,Candidates found but none validated,2026-09-02 12:20:46,a7934fd8637bec94,Zum neuen Hut,Munich,"Feilitzschstraße 11, 80802 München",https://zumneuenhut.de/
66255236-afbc-4b6c-8733-ebc2a15dd258,MENU,Candidates found but none validated,2026-09-02 12:20:59,c49477f8178aa753,Cocktailhouse,Munich,"Feilitzschstraße 25, 80802 München",https://www.cocktailhouse-bar.de/
2254b21a-3d3f-464b-a2fc-d20ccb69c7b1,WEBSITE,website_status=UNAVAILABLE,2026-09-02 12:20:59,d5e8207b5cea07c1,Este Bar,Munich,"Feilitzschstraße 19, 80802 München",
6f9d8eaa-05b1-4b74-a631-04cb19a6a5c3,MENU,Candidates found but none validated,2026-09-02 12:21:23,345e327ff7f0a3c4,Hopfendolde,Munich,"Feilitzschstraße 17, 80802 München",http://www.hopfen-dolde.de/
56fbc66f-b12c-4976-9833-d3ad60e414a9,MENU,Candidates found but none validated,2026-09-02 12:21:37,ed6b56cbd14f43da,Schwabinger 7,Munich,"Feilitzschstraße 15, 80802 München",http://www.schwabinger7.de
4c2dfd9d-7c8a-40b4-827a-4297d505c042,MENU,Candidates found but none validated,2026-09-02 12:21:50,944d26f78fec475f,Rennbahn,Munich,"Feilitzschstraße 12, 80802 München",https://www.bar-rennbahn-schwabing.de/
42f00e08-ee0f-48d5-b1a8-9acd8ece57b1,WEBSITE,website_status=UNAVAILABLE,2026-09-02 12:22:04,aa9ca81aec147878,Fox Bar,Munich,"Barer Straße 47, 80799 München",
6a081212-4767-48b1-8c1c-155fc4d9c6a1,WEBSITE,website_status=UNAVAILABLE,2026-09-02 12:22:04,dbdf7f2b887744eb,Sprizzeria,Munich,"Occamstraße 5, 80802 München",
009eca2a-d05e-4134-98bb-ca217fe7d887,WEBSITE,website_status=UNAVAILABLE,2026-09-02 12:22:04,91a2defb846c8cb6,Buccibar,Munich,"Occamstraße 9, 80802 München",
eeaa38b9-adf5-4cc0-982a-64fc58f47a01,WEBSITE,website_status=BLOCKED,2026-09-02 12:22:04,cad781d7344e62fb,Vereinsheim,Munich,,https://www.vereinsheim.net/
87b3e7fc-110d-4ee8-a9a6-5e28fd6f4f0a,WEBSITE,website_status=UNAVAILABLE,2026-09-02 12:22:06,72d473ecd1f1af08,Kr@ftwerk,Munich,"Thalkirchner Straße 4, 80337 München",
38795101-519f-4c14-831e-562881ab1a3e,MENU,Low confidence (0.4),2026-09-02 12:22:21,29ef5a74e00c087c,M. C. Mueller,Munich,"Fraunhoferstraße 2, 80469 München",https://www.mcmueller.org/
5cc97e7f-4fbf-4d7b-b91a-64f74bcc12e2,WEBSITE,website_status=UNAVAILABLE,2026-09-02 12:22:21,8938b9295f41fda3,Sax,Munich,"Hans-Sachs-Straße 5, 80469 München",
90bf3142-75d3-4e2a-b3ea-a1e627f90af2,WEBSITE,website_status=UNAVAILABLE,2026-09-02 12:22:21,aca234346cd719f6,Edelheiss,Munich,"Pestalozzistraße 6, 80469 München",
a406b6ab-93eb-4949-95b3-128c70dff096,MENU,Low confidence (0.4),2026-09-02 12:22:38,14d4cafb67f677ac,NiL,Munich,"Hans-Sachs-Straße 2, 80469 München",https://www.cafenil.com/
2e59d7ea-a498-457f-bd4d-b035f422dc3a,WEBSITE,website_status=UNAVAILABLE,2026-09-02 12:22:38,940bb71ff527256a,Auroom,Munich,"Hans-Sachs-Straße 20, 80469 München",
cb8066fa-ae58-481a-9c40-967412b17f7f,MENU,Candidates found but none validated,2026-09-02 12:23:07,d410d26fbf39a67d,München '72,Munich,"Holzstraße 14, 80469 München",https://muenchen72.de/
862972be-cce8-43bf-a0bb-8417a44296a3,MENU,Candidates found but none validated,2026-09-02 12:23:11,7bc4f4f771162c71,Senatore,Munich,"Sendlinger-Tor-Platz 5, 80336 München",https://www.senatore.bar/
6e705281-f86c-4a2f-9e33-33c913bc889c,WEBSITE,website_status=UNAVAILABLE,2026-09-02 12:23:49,61217c8b57ae05e0,Valentin stüberl,Munich,"Dreimühlenstraße 28, 80469 München",https://www.valentinstueberl.com/
4b3c0b87-d2fb-43ab-b874-2ff5b3d82b5d,MENU,Low confidence (0.4),2026-09-02 12:24:07,7272bc08c35ccdbd,Bodeguita,Munich,"Hohenzollernstraße 120, 80796 München",https://www.bodeguita.bar/
6fc6cd18-af2a-4289-ad6f-f1ced05266a7,MENU,Candidates found but none validated,2026-09-02 12:24:30,7aa65a0ce1b5d4ec,Stadion an der Schleißheimer Straße,Munich,"Schleißheimer Straße 82, 80797 München",http://www.stadionanderschleissheimerstrasse.de
f37cc2bb-4e80-412f-aace-eafb6fbe222a,MENU,Candidates found but none validated,2026-09-02 12:25:29,a42ecb504e57f923,Rheinpfalz,Munich,"Kurfürstenstraße 35, 80801 München",https://rheinpfalz-schwabing.de/
0e78ef0f-2c2a-4480-b2e5-e267abecc46c,WEBSITE,website_status=BLOCKED,2026-09-02 12:25:29,9aa51b5669a566a0,Salon Irkutsk,Munich,"Isabellastraße 4, 80798 München",https://www.salonirkutsk.com/
2f9750e8-f997-4b60-9e9b-6b1be3ceb25d,WEBSITE,website_status=UNAVAILABLE,2026-09-02 12:25:34,ca009852deae4a61,Winz Bar,Munich,,
d5153654-df9d-4b81-9b5e-6e29c6103c38,WEBSITE,website_status=UNAVAILABLE,2026-09-02 12:25:34,1aed5d2ebf561080,Soleto,Munich,,
8b024583-9ecb-4dea-bd48-599ab14f0b1b,WEBSITE,website_status=UNAVAILABLE,2026-09-02 12:25:48,4d28e55f0f2296b9,Georg's,Munich,"Georgenstraße 48, 80799 München",
ae362cfa-058d-407c-b078-96dc486951bd,WEBSITE,website_status=UNAVAILABLE,2026-09-02 12:25:48,635654aeaf2c0d38,"Horses, Cars & Stars",Munich,"Schellingstraße 24c, 80799 München",
0ffbec7c-d006-4b81-8d96-8075463d6e41,WEBSITE,website_status=UNAVAILABLE,2026-09-02 12:26:02,496cba2c9dbbf443,Bogarts,Munich,,
f910cdd6-fe49-4360-8a18-3eb4ea9ee8f0,WEBSITE,website_status=UNAVAILABLE,2026-09-02 12:26:02,a1c69f8932d6af1e,Ratskeller Weinstube,Munich,",  München",
cb6b02f0-d9a4-493f-babe-f512ef4a5184,WEBSITE,website_status=UNAVAILABLE,2026-09-02 12:26:02,b3e5ed07ade56c07,Le Clou,Munich,"Heiliggeiststraße 1, 80331 München",
f3c38622-e472-429b-919c-4e0d4feae3c8,WEBSITE,website_status=UNAVAILABLE,2026-09-02 12:27:05,115a3f7817102108,Irmgard Stüberl,Munich,"Milbertshofener Straße 29,  München",
f185b536-9b81-4405-b302-83ff8ed6d35d,WEBSITE,website_status=UNAVAILABLE,2026-09-02 12:27:05,fb35a875261dd63f,Zur Glocke,Munich,,
34be7c84-ac09-414f-9acd-8496d150f19d,WEBSITE,website_status=UNAVAILABLE,2026-09-02 12:27:05,5e58a31910aa4a67,Die Kneipe 80,Munich,"Fraunhoferstraße 19, 80469 München",
0afc5fc7-1360-4f09-bff3-2996986f47a0,WEBSITE,website_status=UNAVAILABLE,2026-09-02 12:27:05,345db122c90a88aa,Isarflimmern,Munich,"Fallstraße 24, 81369 München",
ddef04b3-cc65-4a14-9730-4d426f9ba4ce,MENU,Candidates found but none validated,2026-09-02 12:27:19,e045b6004afbd8bb,Brandner Kaspar,Munich,"Sommerstraße 39, 81543 München",http://www.brandnerkaspar.de/
6efc074d-171d-4c1d-8df4-db417fb0fab6,MENU,Candidates found but none validated,2026-09-02 12:27:45,885a38277df0b7c3,Green Room,Munich,"Leopoldstraße 13, 80802 München",https://greenroom-bar.de/
3db7ece1-623c-406e-963b-bd6e3146fe0a,WEBSITE,website_status=UNAVAILABLE,2026-09-02 12:28:05,2548afaa4eceae71,American Bar,Munich,,
e6a33aea-bcc4-49ec-a4b7-245366b0d9fc,WEBSITE,website_status=UNAVAILABLE,2026-09-02 12:28:05,a1d5f296fb458882,Gaststätte Mittersendling,Munich,,
7008dd23-cdc4-43c9-9bdd-4d1695872bba,WEBSITE,website_status=UNAVAILABLE,2026-09-02 12:28:05,245e994099c91226,bei Vaia,Munich,"Ruppertstraße 30, 80337 München",
7b3842e6-1adf-40fe-aeb5-33b3b3e8cdc2,MENU,Low confidence (0.4),2026-09-02 12:28:36,af86814bc10631c5,Münchner Bier,Munich,,https://www.viktualienmarkt-muenchen.de/biergarten/
c9e37a94-329c-45ca-bf6f-438aefaa77f5,WEBSITE,website_status=UNAVAILABLE,2026-09-02 12:28:36,ab01c51a1b867fe0,Kathi's Quelle,Munich,"Wasserburger Landstraße 108, 81827 München",
98ce7224-df1f-4c01-82ed-e484769d8766,MENU,Candidates found but none validated,2026-09-02 12:28:49,ba48deca26264421,Peppermint Lounge,Munich,"Wasserburger Landstraße 108, 81827 München",https://www.peppermint-lounge.de
aa79f2bb-f8a9-4c12-91e9-22eb3860d118,WEBSITE,website_status=UNAVAILABLE,2026-09-02 12:28:49,a26efef852c593b6,Kleine Rose,Munich,Gaßnerstraße 3,
d4fe9bcc-84e4-4360-bfc1-c7fc06566b25,WEBSITE,website_status=UNAVAILABLE,2026-09-02 12:29:04,71216f1dbc6466dd,Crönlein,Munich,"Am Nockherberg 8, 81541 München",
f9dc64f6-e896-4fe6-9616-15649d02c84d,MENU,Candidates found but none validated,2026-09-02 12:29:17,8682690015995086,Cabane,Munich,"Theresienstraße 40, 80333 München",http://www.cabanebar.de/
7124af85-9cbc-4e1a-9961-0f572d01a38d,WEBSITE,website_status=UNAVAILABLE,2026-09-02 12:29:17,d841cd77a1b32eb6,Giasinga Schlümpfe,Munich,Humboldtstraße 12,
119a5838-35d2-4198-b565-21434abbf838,WEBSITE,website_status=UNAVAILABLE,2026-09-02 12:29:17,2189c68c279e491b,Route 51,Munich,,
ce10113c-64da-4809-86ab-236f0872fdca,WEBSITE,website_status=UNAVAILABLE,2026-09-02 12:29:17,737d9fab1e6dc6cc,Nymphenburger Bistro,Munich,"Wotanstraße 89, 80639 München",
0ae2788d-c687-4319-bbca-16016b980879,WEBSITE,website_status=UNAVAILABLE,2026-09-02 16:15:16,e2e887f8954ebea4,Orange,Munich,,
4b926a23-3d2c-4e06-9af1-58121927ff67,MENU,Candidates found but none validated,2026-09-02 16:15:30,b918bf3f750e000a,Ned Kelly's,Munich,"Frauenplatz 11, 80331 München",https://nedkellysbar.de/
518b608f-d0de-427d-91e6-350cf86efbce,MENU,Candidates found but none validated,2026-09-02 16:16:00,f642a71cf48bc790,Patolli,Munich,"Sendlinger Straße 62, 80331 München",https://patolli.net/
20fae108-4df9-43d1-b036-e544256d9c65,WEBSITE,website_status=UNAVAILABLE,2026-09-02 16:16:00,cd9ce0bfa0a658b6,Tini's,Munich,,
fbc15b3e-ffcf-44be-91d9-4c39c7c92e92,WEBSITE,website_status=UNAVAILABLE,2026-09-02 16:16:14,a4594a8f359de13d,Pils- & Cocktailbar HappyCorner,Munich,"Franz-Marc-Straße 10, 80637 München",
907b0e86-0b17-485a-9b6c-9a4334c0a8f6,WEBSITE,website_status=UNAVAILABLE,2026-09-02 16:16:15,dbd4fbfe1fea79d3,Südstadt,Munich,"Thalkirchner Straße 29, 80337 München",
858cf174-0bdb-43de-be43-ec46fc71f6a6,WEBSITE,website_status=UNAVAILABLE,2026-09-02 16:16:16,11a28107a04df14c,Late Nights,Munich,,
f1948e68-8597-49c7-81fc-1a0fd9602f24,MENU,Low confidence (0.4),2026-09-02 16:16:23,f560c56fe0861727,Kongressbar,Munich,"Theresienhöhe 15, 80339 München",https://kongressbar.de/
deb9ff64-4f47-4282-bf7b-e1fd98ced2d4,WEBSITE,website_status=UNAVAILABLE,2026-09-02 16:16:23,d93afbe576b5e460,Försterstube,Cologne,,
e410f646-1f7e-43b6-a3e3-1e380c7a82e5,WEBSITE,website_status=UNAVAILABLE,2026-09-02 16:16:23,ff4db06cd024a86f,Fridolin-Eck,Cologne,,
ebed9759-a61c-4a85-8de5-13bc678bfd41,WEBSITE,website_status=UNAVAILABLE,2026-09-02 16:16:23,86856ad6d29321b2,Schäfer's Eck,Cologne,,
43c2f3e9-61b0-450a-9400-afc638d53356,MENU,Low confidence (0.4),2026-09-02 16:16:48,3780891b29b48ff7,Zimmermanns Jassweetschaff,Cologne,"Subbelrather Straße 543, 50827 Köln",https://zimmermannskoeln.com/
dbf72a00-1321-4412-b59c-a458e97d49ad,WEBSITE,website_status=UNAVAILABLE,2026-09-02 16:16:48,6f6e009d3cb2ad68,Meisenklause,Cologne,,
77081b1c-0b7d-488a-b5ca-da7aaef595eb,WEBSITE,website_status=UNAVAILABLE,2026-09-02 16:16:48,da2438c85b21d86a,Zwitscherhäuschen,Cologne,,
753e8e4c-a6b4-45e3-9559-4a08f57291ae,WEBSITE,website_status=UNAVAILABLE,2026-09-02 16:16:48,e08259e904d0d1ac,Ossendorfer-Stübchen,Cologne,,
d39c5e2f-7196-42da-8ac2-361b80a851a4,WEBSITE,website_status=UNAVAILABLE,2026-09-02 16:16:48,8d63128e7e30a994,zum Denkmal,Cologne,", 50733 Cologne",
1c203d4d-475b-47f5-8374-cab0db2937a0,WEBSITE,website_status=UNAVAILABLE,2026-09-02 16:16:48,2b8ee4b7d53cb432,Im Rondellchen,Cologne,"Akazienweg 54 a, 50827 Köln",
e244624d-9923-4873-a077-12bd926f644f,WEBSITE,website_status=UNAVAILABLE,2026-09-02 16:16:48,2790602845a4bcbf,Iltis-Eck,Cologne,,
661d589c-d346-4fdc-a7fc-3bf05adda87c,WEBSITE,website_status=UNAVAILABLE,2026-09-02 16:16:48,8f5fa4ae5a893e9a,Bierstübchen Terasse,Cologne,,
b9f0fca8-0818-4169-bb23-453f6eea2801,WEBSITE,website_status=UNAVAILABLE,2026-09-02 16:16:48,d6cbb1fbb77d3b95,Marcel‘s,Cologne,,
479b7a3d-0805-4dba-9674-70c3c99de895,WEBSITE,website_status=UNAVAILABLE,2026-09-02 16:16:48,53d0683c3c934ec7,zum Backstein,Cologne,,
21fa0191-538b-4a04-8554-49180789b540,WEBSITE,website_status=UNAVAILABLE,2026-09-02 16:16:48,8f93746111973de7,"""L""",Cologne,,
2eded107-0b64-44b3-8914-162d87801e27,MENU,Candidates found but none validated,2026-09-02 16:16:51,66a253cb66a5f1c4,Trink-Genossin,Cologne,,https://trink-genosse.de/
c405676d-0cd6-4836-a310-89550e315291,WEBSITE,website_status=UNAVAILABLE,2026-09-02 16:16:51,6ade07095281a50e,op d'r Höh,Cologne,"Sandweg 112, 50827 Köln",
4f1a0c44-7508-4a39-9e13-4190b4725758,WEBSITE,website_status=UNAVAILABLE,2026-09-02 16:16:51,4583d771e741efb7,em Kölsche Klüngel,Cologne,Venloer Straße 696,
c63c1052-7c5c-4bc0-abd5-f4814d34f2d7,WEBSITE,website_status=UNAVAILABLE,2026-09-02 16:16:51,ea06f3b99216ac2d,Zum Alibi,Cologne,"Hackländerstraße 31, 50825 Köln",
4b983c43-532a-46fa-869b-b5c142fb1ef7,WEBSITE,website_status=UNAVAILABLE,2026-09-02 16:16:51,308d0ff16681dd4a,EhrenGarten,Cologne,Subbelrather Straße 363,
dbc58577-4ef1-42c1-a1ca-a9075ccd1615,WEBSITE,website_status=UNAVAILABLE,2026-09-02 16:16:51,a479a9a4dbd0f9b3,Ihrefelder Eck,Cologne,"Subbelrather Straße 349, 50825 Köln",
33603dda-a8dc-4ffb-adf4-c4f136aa85c3,MENU,Candidates found but none validated,2026-09-02 16:17:05,e5979e5ef1201b0c,meyers,Cologne,"Subbelrather Straße 329, 50825 Köln",https://www.meyers-ehrenfeld.de/
f800c501-b1d0-4cb6-972d-c9e0d7575a7d,WEBSITE,website_status=UNAVAILABLE,2026-09-02 16:17:05,f300880d641af51d,Haus Thomas,Cologne,,
f4b3039a-7e14-4ee2-b4a5-bd0dae7e0449,WEBSITE,website_status=UNAVAILABLE,2026-09-02 16:17:05,38ac6fd406a49885,em Övvje,Cologne,"Hauptstraße 15, 50859 Köln",
42789a78-1bd6-4a7c-bb04-11fe4b570206,WEBSITE,website_status=UNAVAILABLE,2026-09-02 16:17:05,b41db9d56e105d1b,Tennis-Klause,Cologne,,
e4e2108b-2bb1-47e8-b70f-7915f78afebe,WEBSITE,website_status=UNAVAILABLE,2026-09-02 16:17:05,de99ed7bacee4887,Beim Dörfer,Cologne,,
ab89f56b-a514-40a1-873d-26fd6353f39b,WEBSITE,website_status=UNAVAILABLE,2026-09-02 16:17:05,03fba1dc346f34df,Taverne im Pohlhof,Cologne,,
eddd2a3c-1494-4eb6-b061-7c8b73eda967,WEBSITE,website_status=UNAVAILABLE,2026-09-02 16:17:05,870e45d5f4d83ecd,"Gasthaus ""Laternchen""",Cologne,,
4f181281-2fec-434a-bb28-8bd8a5f7c04e,MENU,Candidates found but none validated,2026-09-02 16:17:22,dede965e78d95923,Lommerzheim,Cologne,"Siegesstraße 18, 50679 Köln",https://www.lommerzheim.koeln/
b0bc69cd-774d-404c-b93c-7b048fe915c2,WEBSITE,website_status=UNAVAILABLE,2026-09-02 16:17:22,6384c12dbe639802,Relax,Cologne,,
6d792ae0-83e7-41c7-9a49-a4474a1638c5,WEBSITE,website_status=UNAVAILABLE,2026-09-02 16:17:22,22f782a16a594ad6,Queens Bar,Cologne,"Am Bilderstöckchen 57, 50739 Köln",
c0c7b4d3-2578-434d-b702-40dd64d8fc7f,WEBSITE,website_status=UNAVAILABLE,2026-09-02 16:17:22,82cb16088c03c5fe,Gaststätte Siegfriedhof,Cologne,"Neue Kempener Straße 255, 50739 Köln",
ff0babc8-d85e-4000-aa30-ee470d197bb6,WEBSITE,website_status=UNAVAILABLE,2026-09-02 16:17:22,d65cc3ac0d07b6ec,Alt Longerich,Cologne,,
f7ed9667-54ec-47a2-bda6-d67a210be759,WEBSITE,website_status=UNAVAILABLE,2026-09-02 16:17:22,3c0e6f3315a14434,Vintage54,Cologne,", 50733 Cologne",
b77b06a9-2d4b-496e-97c9-92ccc64e7441,MENU,Candidates found but none validated,2026-09-02 16:17:36,533a858784598dcf,Zwergnase,Cologne,"Altonaer Straße 30, 50737 Köln",https://www.zwergnase-koeln.de/
c8609010-9ceb-4202-9b50-cfd8522c16c8,WEBSITE,website_status=UNAVAILABLE,2026-09-02 16:17:36,a97d5cb791040bcb,Siedlerklause,Cologne,,
7cca045c-c90a-4073-880a-d093b4c11f86,WEBSITE,website_status=UNAVAILABLE,2026-09-02 16:17:36,78c2eeb66a5fd2a2,Zum Treppchen,Cologne,Merkenicher Hauptstraße 136,
1c32abc2-6447-4a55-ad6d-d66b04884771,WEBSITE,website_status=UNAVAILABLE,2026-09-02 16:17:36,5cb06c36db3034eb,Zur Post,Cologne,,
f9135d86-2613-45e5-b3fe-2d702760234d,WEBSITE,website_status=UNAVAILABLE,2026-09-02 16:17:38,d1827f3af129a420,Pütz,Cologne,,http://www.xn--ptz-bistro-9db.de/
c421c156-df66-44aa-a1d6-f41d814f1bbb,WEBSITE,website_status=UNAVAILABLE,2026-09-02 16:17:38,3aebdc5bc5fc9359,Kreins,Cologne,"Vitalisstraße 303, 50933 Köln",
aff9d9ef-4203-4129-a90d-1575a8b1b9a6,WEBSITE,website_status=UNAVAILABLE,2026-09-02 16:17:38,3f3c11d155501b7b,Zint Tönnes,Cologne,,
32e53b47-cee4-443a-a23b-395bde6f8b2a,WEBSITE,website_status=UNAVAILABLE,2026-09-02 16:17:38,1d57b5f6ad5f4c60,Tennessee Bar,Cologne,,
c930c54f-ea27-469f-aa4d-b2217cdd6011,WEBSITE,website_status=UNAVAILABLE,2026-09-02 16:17:38,4ad999997f41001b,Worringen Oriental,Cologne,,
c88e11b5-3b20-4df9-ac2e-8ec8f24c49ce,WEBSITE,website_status=UNAVAILABLE,2026-09-02 16:17:43,18bf4f73551b2f94,Basils,Cologne,,
ea8f6506-306b-4e79-a527-bdc38936b605,WEBSITE,website_status=UNAVAILABLE,2026-09-02 16:17:43,1619327870914494,Rakete,Cologne,"Baudriplatz 2, 50733 Köln",
8e002d32-7f2b-4f75-bafe-89bbac9d61ac,WEBSITE,website_status=UNAVAILABLE,2026-09-02 16:17:49,265a7ff196d54aaf,Fusswinkel,Cologne,,
c1ef2ff2-1a5e-4eed-a54d-d51eba3c1a2f,WEBSITE,website_status=UNAVAILABLE,2026-09-02 16:17:49,4b8aafb68be39d9d,Op d'r Eck,Cologne,,
ec98f240-1140-42a5-84c5-6c6128eb7dfe,WEBSITE,website_status=UNAVAILABLE,2026-09-02 16:17:49,820f2a14153187dd,Markt-Klause,Cologne,,
e42e5724-47f8-47b6-82c9-446f3ea59b0b,WEBSITE,website_status=BLOCKED,2026-09-02 16:17:49,38af5784c4a2e24f,Alt Neppes,Cologne,Neusser Straße 301,https://alt-neppes.geo.io/
f1673cae-97a5-4740-91dc-d0ccb4d34229,MENU,Candidates found but none validated,2026-09-02 16:18:13,cbd9c10ff018ca9c,Hängende Gärten von Ehrenfeld,Cologne,"Vogelsanger Straße 140, 50823 Köln",http://www.haengendegaerten.de/
debd54a4-605c-4d95-b852-e7a1ff2e971d,WEBSITE,website_status=UNAVAILABLE,2026-09-02 16:18:13,41190b16b18f6178,Zum Krug,Cologne,,
ac441810-e789-4cbd-b455-c62f1dbbd8da,MENU,Candidates found but none validated,2026-09-02 16:19:03,1a983ae8f40b0360,Die Breddoille Weinbar,Cologne,,https://www.die-bredouille.de/
2636b5ef-87dd-4317-a51d-14f54e7d9468,WEBSITE,website_status=UNAVAILABLE,2026-09-02 16:19:03,e712470189ae9ec5,Monkeys,Cologne,,
cd075000-cd5a-4af0-af99-e7eb619d5f44,WEBSITE,website_status=UNAVAILABLE,2026-09-02 16:19:03,5ef90f0af70ab618,Umbruch,Cologne,"Zülpicher Straße 11, 50674 Köln",
15f67a30-71aa-4d70-aa77-2f50e7772ab5,WEBSITE,website_status=UNAVAILABLE,2026-09-02 16:19:03,4d77d14384cb4f57,Brauhaus Pütz,Cologne,"Engelbertstraße 67, 50674 Köln",
dfdf263e-8982-4fef-82c3-99ad4df9b324,MENU,Candidates found but none validated,2026-09-02 16:19:17,3a86ef7de5f3b281,Stiefel,Cologne,"Zülpicher Straße 18, 50674 Köln",https://stiefelkneipe.de
ff68affa-7549-49ca-9331-986cd0fc0e39,MENU,Candidates found but none validated,2026-09-02 16:19:30,b2454605b39a9586,Massimo,Cologne,"Alteburger Straße 41, 50678 Köln",https://www.rosticceria-massimo.de/
9f936de6-218e-4a77-b288-d400a1f27ca2,WEBSITE,website_status=UNAVAILABLE,2026-09-02 16:19:30,24068a607424b746,Metronom,Cologne,"Weyerstraße 59,  Köln",
38db8098-72a1-47d9-b5af-966fd071e795,WEBSITE,website_status=UNAVAILABLE,2026-09-02 16:19:30,160ceb698c9efb0f,Backes,Cologne,"Darmstädter Straße 6,  Köln",
043f5aef-750a-4d05-a42b-c044829ac8b6,MENU,Candidates found but none validated,2026-09-02 16:19:33,adeb33299fa74932,Zum Kornbrenner,Cologne,"Neusser Straße 171, 50733 Köln",https://www.zumkornbrenner.koeln/
2304ba88-5170-42da-96be-8a1c58ebe79f,WEBSITE,website_status=UNAVAILABLE,2026-09-02 20:14:34,6b895c4714e58e31,Cubana,Cologne,"Barbarossaplatz 5, 50674 Köln",
7c46246e-8b80-4405-917a-7106a02e9775,WEBSITE,website_status=UNAVAILABLE,2026-09-02 20:14:35,455695b6d22f3a80,Im Schäfer,Cologne,"Dürener Straße, 50931 Köln",
c5b09964-2b8f-4bf5-8590-56bc835f5d27,MENU,Candidates found but none validated,2026-09-02 20:14:48,60b6404c5106ab58,Lotta,Cologne,"Kartäuserwall 12, 50678 Köln",https://www.lotta-koeln.de
f7fe1ff0-cbbc-4791-96e2-d8bdaa2da496,WEBSITE,website_status=UNAVAILABLE,2026-09-02 20:14:48,cb2c2bd0a69f46c3,Loreley,Cologne,"Lindenstraße 65, 50674 Köln",
2748e3a2-6592-491e-9514-66fcee3c9236,WEBSITE,website_status=UNAVAILABLE,2026-09-02 20:14:50,a7c4c73b4bf4e87e,FC Gildentreff,Cologne,,
3487b92f-94a3-4f02-87de-4ae8ef9d6df8,WEBSITE,website_status=UNAVAILABLE,2026-09-02 20:14:51,fc9daac935342fdf,Alt-Buchheim,Cologne,,
6361e28a-2928-4dbb-978b-febf7840f689,WEBSITE,website_status=UNAVAILABLE,2026-09-02 20:14:51,97aa68ed998e852d,Os Conquistadores,Cologne,,
d628f287-c059-4d4e-915a-20864ac163a2,WEBSITE,website_status=UNAVAILABLE,2026-09-02 20:14:51,b874bcc4374ddd77,Havana,Cologne,Neusser Straße 41,
a5aa0736-c5d2-49af-8ba6-8c39580f40a4,WEBSITE,website_status=UNAVAILABLE,2026-09-02 20:14:51,9bc5a99a45730dbc,Schänke Dezernat 90,Cologne,"Johannisstraße 30, 50668 Cologne",
42e4c90a-109f-44ac-a1d9-dce2b8f273ad,WEBSITE,website_status=UNAVAILABLE,2026-09-02 20:14:51,acfac1f772513403,Haus Knüsener,Cologne,,
8414064d-246d-4422-b08d-817e1df02bae,WEBSITE,website_status=UNAVAILABLE,2026-09-02 20:14:51,a579d80e19a86c39,Gaffelstübchen,Cologne,"Im Weidenbruch 205, 51061 Köln",
17782d14-9373-47c4-a2d9-a1ceb6dff3ba,WEBSITE,website_status=UNAVAILABLE,2026-09-02 20:14:51,210368875e81d4ed,Low Budget,Cologne,"Aachener Straße 47, 50674 Köln",
5503b602-924d-4055-930e-a174e949a9c9,WEBSITE,website_status=UNAVAILABLE,2026-09-02 20:14:51,dfc02c5535355f9a,Six Pack,Cologne,"Aachener Straße 33, 50674 Köln",
b186b50e-6f19-41c6-b7da-2485f2d28403,MENU,Candidates found but none validated,2026-09-02 20:15:04,2ad2b6c38b84f366,Furchtbar,Cologne,"Kyffhäuserstraße 24, 50674 Köln",https://www.furchtbar.de/
63d1562f-dbeb-41e5-9085-ea603ed67137,WEBSITE,website_status=UNAVAILABLE,2026-09-02 20:15:04,b1563b19ad7b40c7,Waldstube,Cologne,,
462082d7-b3ad-4ae2-9e0c-acdf99f962a4,WEBSITE,website_status=UNAVAILABLE,2026-09-02 20:15:04,00c21d7660eed633,Hirtsiefer Hof,Cologne,,
86512063-291a-49a8-9eed-f0151af3dda0,WEBSITE,website_status=UNAVAILABLE,2026-09-02 20:15:04,febb1410e3f2346f,Brauhaus zur Schreckenskammer,Cologne,"Ursulagartenstraße 11-15, 50668 Köln",
fb2b2e6e-e01e-4932-ae43-3654bd726edc,WEBSITE,website_status=UNAVAILABLE,2026-09-02 20:15:04,ece2d1fa9bab8d0b,Sadie's Irish Pub,Cologne,,
cca87c21-d1e5-49f2-942d-a135aed2cbde,WEBSITE,website_status=UNAVAILABLE,2026-09-02 20:15:04,67052a3192b6bed5,Nordschänke,Cologne,"Berliner Straße 137, 51063 Köln",
c394d92f-cbda-4927-a2bd-59aee5aefe85,WEBSITE,website_status=UNAVAILABLE,2026-09-02 20:15:04,ba835ed7e780580a,Zum Schützenhof,Cologne,"Berliner Straße 43, 51063 Köln",
52aaf7a7-f402-4010-acdf-57ad7dda3f18,WEBSITE,website_status=UNAVAILABLE,2026-09-02 20:15:04,e31cbe7772a05b27,Am Wiener Platz,Cologne,,
7203f34b-ade0-4f86-b392-6ead980e11dc,WEBSITE,website_status=UNAVAILABLE,2026-09-02 20:15:04,12fbf36ac0caa66a,Belz Bierstuben,Cologne,"Adamsstraße 1, 51063 Köln",
70d33af6-d119-4f3e-8bee-260e869f1825,WEBSITE,website_status=UNAVAILABLE,2026-09-02 20:15:04,d5033e4a1ac6d8a5,Zur Post,Cologne,"Adamsstraße 22, 51063 Köln",
34e4067c-3ace-4e11-a1bc-761d76e394dc,WEBSITE,website_status=UNAVAILABLE,2026-09-02 20:15:04,b09eb17fb96dbf7c,Bei İSİ,Cologne,"Berliner Straße 27, 51063 Köln",
f995a16b-8c9e-4a1a-bfe3-86e25c68bcef,WEBSITE,website_status=UNAVAILABLE,2026-09-02 20:15:04,a6aa4231306353ba,Dorfstube,Cologne,,
2cbe7f0d-e704-4570-9da3-4c7d100fa63b,MENU,Candidates found but none validated,2026-09-02 20:15:20,6dcad5063f678aee,Südkurve,Cologne,"Luxemburger Straße 228, 50937 Köln",https://www.koelner-suedkurve.de/
bce96732-c66b-4ec7-8dd0-7f27a9d91eab,WEBSITE,website_status=UNAVAILABLE,2026-09-02 20:15:20,b4bcb1ea4ac0124e,Lux,Cologne,,
64864ca4-780b-4f39-97c3-46730bd567e4,WEBSITE,website_status=UNAVAILABLE,2026-09-02 20:15:20,417afe730e3afa0d,Kleine Freiheit,Cologne,,
fe67fc7f-885b-4de6-9f2d-97e23c16cd00,MENU,Candidates found but none validated,2026-09-02 20:15:34,2edaffa927295099,Tankstelle Köln,Cologne,"Kyffhäuserstraße 19, 50674 Köln",https://www.tankstelle-koeln.de/
c211799c-a0bb-49cf-93f2-b43766e8471c,MENU,Candidates found but none validated,2026-09-02 20:15:51,c661c58cad557222,Gilbert's Pinte,Cologne,,http://gilbertspinte.de
5e42bfad-8402-4efe-b04e-b308b7f88154,WEBSITE,website_status=UNAVAILABLE,2026-09-02 20:15:51,7f2f1be2e522155f,Reissdorf am Brunnen,Cologne,,
f70d4e6b-b0af-49e4-9b1e-f973477dbb38,WEBSITE,website_status=UNAVAILABLE,2026-09-02 20:15:51,2cfcb3436ec8a847,Senn,Cologne,", 50937 Cologne",
0cc8a7b8-1dcb-4e68-9178-8e4618cfd62d,WEBSITE,website_status=UNAVAILABLE,2026-09-02 20:15:51,49d1f3103fe7e324,Roter Platz,Cologne,"Zülpicher Platz 11, 50674 Köln",
4a41d694-cc67-481c-9b4f-e3e6e8c5d4f5,MENU,Candidates found but none validated,2026-09-02 20:16:04,64539d22923e8de7,1460,Cologne,,https://www.14hundert60.de/
d1e5f306-9792-4fb3-9b2d-c8ebcf0145ff,MENU,Candidates found but none validated,2026-09-02 20:16:22,7d7c73863f0d6f72,Em drügge Pitter,Cologne,"Venloer Straße 216, 50825 Köln",https://edp-koeln.de/
fd7c6299-a1de-4ba8-93a2-5034d55243c4,MENU,Low confidence (0.4),2026-09-02 20:16:39,4f6bb025c72c9fae,Eventgewölbe Köln,Cologne,"Pipinstraße 9, 50667 Köln",https://eventgewoelbe.koeln
9256b761-22f1-41c9-84ab-8c96b922aecc,MENU,Candidates found but none validated,2026-09-02 20:17:03,1986d1357c23bad2,Baustelle 4U,Cologne,"Vor St. Martin 12, 50667 Köln",https://www.baustelle4u.de/
77c5828d-0e80-48e5-9d3d-330d4d6594f7,WEBSITE,website_status=UNAVAILABLE,2026-09-02 20:17:03,26d6aabb27522148,Bei d'r Bunn,Cologne,Sebastianstraße 168,
fe9f73b6-4f9a-4427-b3f0-73b8c7b5d9af,WEBSITE,website_status=UNAVAILABLE,2026-09-02 20:17:03,8356a81ae574c427,Sprudl & Mett,Frankfurt,,
f0436a99-75c8-42af-b8c8-2e6d4bbe25ad,WEBSITE,website_status=UNAVAILABLE,2026-09-02 20:17:12,08ce1b4aaae64bd7,Endstation 148,Frankfurt,"Ginnheimer Landstraße 148, 60431 Frankfurt am Main",
d71a9eae-c728-4c10-956a-de48deda1b8b,MENU,Candidates found but none validated,2026-09-02 20:17:25,62c6ceb31245a3df,Bootshaus YACHTKLUB,Frankfurt,"Deutschherrnufer, 60594 Frankfurt am Main",http://www.yachtklub.org
9acb0a3e-91e1-4d47-844a-9868bcd6a3c2,WEBSITE,website_status=UNAVAILABLE,2026-09-02 20:17:25,425bbeb4df0ad283,Reh Zwanzig,Frankfurt,,
657cf4ba-358b-4016-be48-596a78f24aea,WEBSITE,website_status=UNAVAILABLE,2026-09-02 20:17:25,141902270cfca75c,Sporteck,Frankfurt,,
6c12fdf5-daba-4a1d-a082-a8763378c129,WEBSITE,website_status=UNAVAILABLE,2026-09-02 20:17:57,de6d983fefdf0ad0,#Wallstreet Frankfurt,Frankfurt,"Berger Straße 83, 60316 Frankfurt am Main",
2bbbe868-f7af-4288-a4c8-df5e638acbff,WEBSITE,website_status=UNAVAILABLE,2026-09-02 20:17:57,a89009487e980807,Bonne Chance,Frankfurt,,
9c7f6293-84c5-4e2c-bf47-4b82119928e0,MENU,Candidates found but none validated,2026-09-02 20:18:10,b09b1a492f1a978e,Gaststätte Moseleck,Frankfurt,"Moselstraße 21, 60329 Frankfurt am Main",http://www.moseleck-ffm.de/
d2e1a80a-6f77-40ab-ab46-f383b7bfd488,MENU,Low confidence (0.4),2026-09-02 20:18:26,f0f03d705f548cb6,New Rose,Frankfurt,,https://newrosefrankfurt.de/
64c4829f-1c2d-4a8e-8fb3-9c97684bbcd1,WEBSITE,website_status=UNAVAILABLE,2026-09-02 20:18:27,0ee99f74a5fc8e75,Zur Post,Frankfurt,"Willibrachtstraße 1, 60431 Frankfurt am Main",
3cc734fa-fedd-40a0-b624-b30240b218a1,WEBSITE,website_status=UNAVAILABLE,2026-09-02 20:18:27,d3c17e16e4587d7f,Baile Bar,Frankfurt,,
d35fafe8-9e41-4a99-b349-ec9be9098c81,WEBSITE,website_status=UNAVAILABLE,2026-09-02 20:18:27,93f385bf94e4f6a9,Volkswirtschaft,Frankfurt,"Jordanstraße 13, 60486 Frankfurt am Main",
2ab66369-348b-4014-a419-28e08cabbf1c,WEBSITE,website_status=UNAVAILABLE,2026-09-02 20:18:27,43ecc674ba151ca1,Bockenheimer Weinkontor,Frankfurt,,
4f67f481-ff40-443e-8214-08e08ba95427,WEBSITE,website_status=UNAVAILABLE,2026-09-02 20:18:27,a2a7460af603d921,Zum Tannenbaum,Frankfurt,,
227a1ce9-33d3-4689-ab35-c03171d2233e,WEBSITE,website_status=UNAVAILABLE,2026-09-02 20:18:27,52c8f4c621fe2c28,Lucky's Frankfurt,Frankfurt,"Große Friedberger Straße 26, 60313 Frankfurt am Main",http://www.luckys-manhattan.com/
29972a6e-ac08-4d9f-bae1-ff5fe3cc0278,WEBSITE,website_status=UNAVAILABLE,2026-09-02 20:18:40,efdda5213d90344c,Central,Frankfurt,,
37b48c14-41eb-4bc2-a8fe-1be893507017,WEBSITE,website_status=BLOCKED,2026-09-02 20:18:41,3c9325c00d3e9b5a,Stall,Frankfurt,"Stiftstraße 22, 60313 Frankfurt am Main",https://www.stall-frankfurt.com
6d5d88c4-1395-415a-996a-ce051b186cd0,WEBSITE,website_status=UNAVAILABLE,2026-09-02 20:18:41,150b741b31c45ee0,Bei Susanne,Frankfurt,,
51719099-6e1b-4c3c-919e-5f1d5c389164,WEBSITE,website_status=UNAVAILABLE,2026-09-02 20:18:41,623ca35ea1f7f702,Zur Pilsstube,Frankfurt,,
c7920c6b-64cf-4122-9167-49c025186a46,WEBSITE,website_status=UNAVAILABLE,2026-09-02 20:18:41,a2e68b7da535bbdc,Salon Jale,Frankfurt,,
8cfa8e52-e618-4246-9a89-e7a17e8f5d5e,WEBSITE,website_status=UNAVAILABLE,2026-09-02 20:18:41,00f01f163ca01a8e,Plateau,Frankfurt,,
30497afc-2cee-47be-b730-6a6ca51c2339,WEBSITE,website_status=UNAVAILABLE,2026-09-02 20:18:41,ff0dce8fc6ca4c6d,Alte Kneipe,Frankfurt,,
e5f21181-b0bd-4092-aba7-11f0e8ad9b31,WEBSITE,website_status=UNAVAILABLE,2026-09-02 20:18:41,0b8049154c707c6a,Klapper 33,Frankfurt,,
806c747d-3135-43de-9c8a-303aebf6ace4,WEBSITE,website_status=UNAVAILABLE,2026-09-02 20:18:41,9f1dcd6dd7c27d71,Eiserner Hahn,Frankfurt,,
3acc1089-4e24-4bbe-bc26-dfc7d7b1b9d9,WEBSITE,website_status=UNAVAILABLE,2026-09-02 20:18:41,1829035400cf8301,Long Island Cocktailbar,Frankfurt,,
f14bd4a8-04e8-4f4a-9cd9-b85b3a2e5d39,WEBSITE,website_status=UNAVAILABLE,2026-09-02 20:18:41,48a27be24e7a443d,Crazy Music Barr,Frankfurt,,
a3d31032-8994-46e1-acc0-f8f2ba3bb224,WEBSITE,website_status=UNAVAILABLE,2026-09-02 20:18:41,a0a5e585049f5b83,Tropical,Frankfurt,,
9839646b-f269-44b7-af43-51a8d6381b19,WEBSITE,website_status=UNAVAILABLE,2026-09-02 20:18:41,ccf5391e9e56f8e8,Cubanitas Cocktailbar,Frankfurt,,
238d0a57-0a19-44bb-86cf-b13d2eee58e8,WEBSITE,website_status=UNAVAILABLE,2026-09-02 20:18:41,33e033eafcb2fa49,Crazy,Frankfurt,,
24923c0f-46d2-4b9b-8a5a-b477b7fb5b10,WEBSITE,website_status=UNAVAILABLE,2026-09-02 20:18:41,c42fdfb767750925,The Anglo Irish,Frankfurt,,
558a3c29-bc67-4b24-a7f1-b139c2e35343,WEBSITE,website_status=UNAVAILABLE,2026-09-02 20:18:41,00a420827698e426,The Rock Times,Frankfurt,,
b9717cc4-dd5e-49a5-92c0-8dbb34547ad7,WEBSITE,website_status=UNAVAILABLE,2026-09-02 20:18:41,1a7d193d04201bb6,Altes Haus,Frankfurt,,
8977131c-902f-496f-9b9a-28c2f8fd5175,WEBSITE,website_status=UNAVAILABLE,2026-09-03 00:23:55,8853136a7a3df7c1,Fenstergucker,Frankfurt,,
9e6775b6-8c8c-44cb-a257-3a1f7cfac646,WEBSITE,website_status=UNAVAILABLE,2026-09-03 00:23:56,53a1832e95d292fd,Mezze & More,Frankfurt,,
908b3ff2-1223-4fba-9107-357c16b7da0b,WEBSITE,website_status=UNAVAILABLE,2026-09-03 00:23:57,939e6a79b086b453,The Drinksmith Neighbourhood Bar,Frankfurt,"Wallstraße 14, 60594 Frankfurt am Main",
88dd3f2c-6d65-4c88-9050-ee02c6e45c11,WEBSITE,website_status=UNAVAILABLE,2026-09-03 00:23:58,3fb26c780e330d03,Memory Bar,Frankfurt,"Adalbertstraße 4, 60486 Frankfurt am Main",
d9747bb6-86e0-4a40-a3f0-c9797872a554,MENU,Low confidence (0.47),2026-09-03 00:24:07,f809ab4702ad1879,Park Avenue,Frankfurt,,https://park-avenue-frankfurt.de/
5b5d265d-d6a1-4627-a51d-8623bb6b5b7c,MENU,Candidates found but none validated,2026-09-03 00:24:45,94b6ffccc2a01462,Irish Pub Bornheim,Frankfurt,"Berger Straße 255, 60385 Frankfurt am Main",http://www.irishpubbornheim.com/
90b94668-79f8-49d9-a3b7-9285eadd6461,WEBSITE,website_status=UNAVAILABLE,2026-09-03 00:24:46,e4ee15d65dbc0357,Eppstein Eck,Frankfurt,,
c5d9b120-8a05-44c2-84db-d9bbc3830f0f,WEBSITE,website_status=UNAVAILABLE,2026-09-03 00:24:46,7311c00087037ed1,Binding'sche,Frankfurt,,
5928d9d1-8025-4408-a45c-9176295047ab,MENU,Candidates found but none validated,2026-09-03 00:25:01,d8401c0425826568,The Fox and Hound,Frankfurt,"Niedenau 2, 60325 Frankfurt am Main",https://www.foxpub.de/
d1549f60-4e86-439f-8b28-d7eea3760b9f,WEBSITE,website_status=UNAVAILABLE,2026-09-03 00:25:01,9fb2514769e1a52f,Kaibo 75 Wein Bier Häppchen,Frankfurt,,
ec974f60-609e-4ddc-8c35-a0efd1b42d2a,WEBSITE,website_status=UNAVAILABLE,2026-09-03 00:25:01,9f5b2c31bb0ec525,Oeserklause,Frankfurt,,
a41f019d-fb22-45b4-a30b-5245995560e8,WEBSITE,website_status=UNAVAILABLE,2026-09-03 00:25:01,95a142f03c26f2be,Marketenderin,Frankfurt,,
034b5af1-aa40-4bad-8876-5039a76ec359,WEBSITE,website_status=UNAVAILABLE,2026-09-03 00:25:01,42a5a6e2705f5076,Dampflock Pilsstube,Frankfurt,,
0b9a7a51-3c41-4bc1-911a-4386eccba242,WEBSITE,website_status=UNAVAILABLE,2026-09-03 00:25:01,623562294c4f5c90,Ania's Treff,Frankfurt,Töngesgasse,
e4385b50-80f6-4b2f-8232-3c79b51ce09a,WEBSITE,website_status=UNAVAILABLE,2026-09-03 00:25:04,cbe20c4b163a1c46,Storchenstübchen,Frankfurt,,
74eeb058-2d6c-4b01-99a9-007a202daf83,WEBSITE,website_status=UNAVAILABLE,2026-09-03 00:25:04,c4946eaf11cfcf2b,My Lounge,Frankfurt,"Triftstraße 16, 60528 Frankfurt am Main",
e2275227-7f93-4ede-aa30-68f44c717532,WEBSITE,website_status=UNAVAILABLE,2026-09-03 00:25:04,094eafbe2d55dfe6,Birmingham Pub,Frankfurt,"Battonnstraße 50, 60311 Frankfurt am Main",
2b269d99-5ae4-4d72-aee4-25de96329b94,WEBSITE,website_status=UNAVAILABLE,2026-09-03 00:25:04,d0c0c76d3f5c7e73,Eckhaus,Frankfurt,,
b519b96b-a6fa-42ed-94f3-472dc6993042,MENU,Candidates found but none validated,2026-09-03 00:25:27,3a29d2640aa95a01,Rot & Vogel Feines Trinken,Frankfurt,"Rotlintstraße 28, 60316 Frankfurt am Main",https://www.rotundvogel-frankfurt.de
122ccb33-165d-49aa-b944-211a68792b2e,WEBSITE,website_status=UNAVAILABLE,2026-09-03 00:25:27,0efc3a798ef220de,Aruba,Frankfurt,"Mainzer Landstraße 269, 60326 Frankfurt am Main",
a0f6dd76-7e5f-45a4-a134-a16dbe531d0d,WEBSITE,website_status=UNAVAILABLE,2026-09-03 00:25:27,17d3d28bbed24c89,Antony´s,Frankfurt,"Berger Straße 14, 60316 Frankfurt am Main",
e43f9774-ab23-41c7-af7f-2ec6d3c86f64,MENU,Candidates found but none validated,2026-09-03 00:26:25,3f2d5f7c417c14ed,Gute Stute,Frankfurt,"Kölner Straße 42, 60327 Frankfurt am Main",https://gute-stute.com/
7a9b2722-0928-4418-a9ab-d7f353bc3447,WEBSITE,website_status=UNAVAILABLE,2026-09-03 00:26:25,2ddff8c26137cff9,Viva,Frankfurt,,
47db4402-6254-4925-891e-118408485917,WEBSITE,website_status=UNAVAILABLE,2026-09-03 00:26:25,82b7ab83a69b1ed0,King,Frankfurt,"Zum Linnegraben 15, 65933 Frankfurt am Main",
8587dff3-0ed9-4476-bd7d-a608f08b949a,WEBSITE,website_status=UNAVAILABLE,2026-09-03 00:26:25,69e43383499b39a5,Kervan,Frankfurt,,
b6ee062b-e769-4a38-9359-8edce7678ec2,WEBSITE,website_status=UNAVAILABLE,2026-09-03 00:26:25,caef4cea3c1c2e75,NachBar,Frankfurt,,
08342e3d-97ca-408c-ae52-a7dfcea17bd8,WEBSITE,website_status=UNAVAILABLE,2026-09-03 00:27:03,01ac1133d84eaff7,4 Corners,Frankfurt,"Zeil 10, 60313 Frankfurt am Main",http://www.fourcornerspub.de
b99bc1d8-fe39-42ad-aada-b1922d281491,WEBSITE,website_status=UNAVAILABLE,2026-09-03 00:27:03,2f1d137598cf9502,Envy,Frankfurt,"Große Bockenheimer Straße 54, 60313 Frankfurt am Main",
5cf2f7e9-fd97-40cd-8fcf-92f500d4ea82,WEBSITE,website_status=UNAVAILABLE,2026-09-03 00:27:08,362ce35a4804850d,Pilstreff,Frankfurt,,
f882afde-902a-499f-8f1b-617e73b1a6cf,WEBSITE,website_status=UNAVAILABLE,2026-09-03 00:27:08,10b849aadd6a6b4e,"Alt Eckenheim ""Zum Büro""",Frankfurt,,
9a6d0daf-f483-437e-a25b-7f4575c5b573,WEBSITE,website_status=UNAVAILABLE,2026-09-03 00:27:08,438ba39ee6ea2c48,Asian Bar,Frankfurt,,
5a92333c-204b-468a-ac6a-e0594eb4f6f8,MENU,Candidates found but none validated,2026-09-03 00:27:29,a521be8427c926ce,Panorama Bar,Frankfurt,,https://huber1911.de/locations/panoramabar
c70b160c-59ce-4218-8cf5-059d62b86a6b,WEBSITE,website_status=UNAVAILABLE,2026-09-03 00:27:29,31831ed98dc41a80,Apfelweinwirtschaft Frank,Frankfurt,,
bb85736f-9f8b-4f54-a0ed-0fc55b252aaa,WEBSITE,website_status=UNAVAILABLE,2026-09-03 00:27:29,44e37be8f2fd9859,Favorite,Frankfurt,,
9b1f57d9-0086-481d-8852-d9186c299362,WEBSITE,website_status=BLOCKED,2026-09-03 00:27:30,a3cd63526ee45ce0,Trinkhalle,Frankfurt,"Obermainanlage 24, 60314 Frankfurt am Main",http://www.trinkhalle-frankfurt.de/
26d98862-75bd-47a5-b5fd-0e1eed5b9bbe,MENU,Candidates found but none validated,2026-09-03 00:27:37,ed9a627cd9442d9a,o'reilly's irish pub,Frankfurt,"Am Hauptbahnhof 4, 60329 Frankfurt am Main",https://oreillys.com/frankfurt/
113a588a-9ee7-4877-80d2-48152b50f04a,MENU,Candidates found but none validated,2026-09-03 00:27:51,e1e17c7e35978da2,Bernemer Fass,Frankfurt,"Ringelstraße 23, 60385 Frankfurt am Main",https://www.bernemer-fass.de/
aa00b3fb-9b61-4038-b59a-7fd6088030c3,MENU,Low confidence (0.4),2026-09-03 00:28:06,316a0390cf127a2e,Mosaik Jazz & Chanson,Frankfurt,"Freiligrathstraße 57, 60385 Frankfurt am Main",https://www.mosaik-jazzbar.de/
80c2c139-3c27-41da-8fd1-0d448887dec2,WEBSITE,website_status=UNAVAILABLE,2026-09-03 00:28:12,767e71300f2a1a6a,Ha.!-Ka.?,Frankfurt,,
ee708b5a-0448-4b71-b98b-113bc0a52a40,WEBSITE,website_status=UNAVAILABLE,2026-09-03 00:28:12,fa12eb63e4f6bfa1,Zum Bitburger,Frankfurt,,
c8a9295b-d22b-4201-810d-8d07a2959928,MENU,Candidates found but none validated,2026-09-03 00:28:29,033b2b11cdb4fdec,Waxy's Irish Pub,Frankfurt,"Taubenstraße 11, 60313 Frankfurt am Main",https://www.waxys.de/
0d94a8d7-76b8-4195-9fed-1375cadfeda2,MENU,Low confidence (0.4),2026-09-03 00:28:44,39d1aac6ab4f1143,Dreikönigskeller,Frankfurt,"Färberstraße 71, 60594 Frankfurt am Main",https://www.dreikoenigskeller.eu/
1bb32cf9-9a5a-4c11-a0a0-321ca564c9c4,MENU,Candidates found but none validated,2026-09-03 00:28:58,bf9aa367f4c258cc,The Place To Be,Frankfurt,"Weißadlergasse 3, 60311 Frankfurt am Main",http://souper.de/
8c740065-ff5f-4055-a25f-c874bb3c5772,MENU,Candidates found but none validated,2026-09-03 00:29:21,278e42e743b5051a,Lebensfreude Pur,Frankfurt,"Mainkurstraße 19, 60385 Frankfurt am Main",http://lebensfreude-pur.com/
56797bae-8991-4751-922e-3beb9523b7d3,WEBSITE,website_status=UNAVAILABLE,2026-09-03 00:29:23,37f75fdfb00b73fa,Déjà Vu - Shisha Lounge,Frankfurt,"Mainkai 10, 60311 Frankfurt",http://dejavu-lounge.de
7e4d67ff-241e-4f01-a76c-55da8fd2cfc3,MENU,Low confidence (0.33),2026-09-03 00:29:41,01587b99eef9d7b5,Diamond Lounge,Frankfurt,"Mainzer Landstraße 412, 60326 Frankfurt am Main",https://diamond-lounge-frankfurt.de/
c63bc95a-fd20-4c66-9cdd-96d499171f67,WEBSITE,website_status=UNAVAILABLE,2026-09-03 00:29:41,6490e88357ab29a1,Zur Biertonne,Frankfurt,"Gutleutstraße 139, 60327 Frankfurt am Main",
811b97e9-780e-489d-9e1b-bde2e2042329,WEBSITE,website_status=UNAVAILABLE,2026-09-03 00:29:41,d648a1ed6f4ba650,Rotaria Shisha Lounge,Frankfurt,"Dreieichstraße 12, 60594 Frankfurt am Main",
58a59490-0ee2-40be-9405-dfb840f0f5c5,WEBSITE,website_status=UNAVAILABLE,2026-09-03 00:29:41,39072e746c9a1baf,Alte Turnhalle,Frankfurt,,
33c5606b-3be1-4cf5-8de2-2e8ca369007b,MENU,Candidates found but none validated,2026-09-03 00:30:25,6b3ab5b3bf464043,Hotelbar Amadeus,Frankfurt,,https://hotel-amadeus-frankfurt.de/
3df73eb5-20e6-4a09-9a5a-add7e890d61c,WEBSITE,website_status=UNAVAILABLE,2026-09-03 00:31:03,78055ea1a52d8de3,Zur Erholung,Frankfurt,,https://www.gaststaette-zur-erholung.de/
fc8acd63-79dd-4a08-a653-d001ea35c1db,WEBSITE,website_status=UNAVAILABLE,2026-09-03 00:31:03,b140c4691431a8bc,Logenhaus,Frankfurt,,
dca8777a-f897-48ea-b2ae-cc05b4088442,WEBSITE,website_status=UNAVAILABLE,2026-09-03 00:31:03,13cf7d056bbb4c4f,feelgood,Frankfurt,,
109eefaf-8b32-4028-b10c-6f3233a332e4,WEBSITE,website_status=UNAVAILABLE,2026-09-03 00:31:03,012f67479f887e14,Jel me netko trazio?,Frankfurt,,
8646d743-cef7-45a5-9772-87714d44e5aa,MENU,Candidates found but none validated,2026-09-03 00:31:21,640e8be6c85d287f,Bull and Bear,Frankfurt,"Schillerstraße 11, 60313 Frankfurt am Main",https://bullandbear.de
a1778b07-d2dc-4051-b14b-7502bb628782,WEBSITE,website_status=UNAVAILABLE,2026-09-03 00:31:21,1c9655c035f5862a,O'Corner,Frankfurt,,
86a55760-fa68-4a31-afc1-b030fa08d612,WEBSITE,website_status=UNAVAILABLE,2026-09-03 00:31:21,968983707a5f2ce5,BornEnd,Frankfurt,,
0bf383d4-a37b-43fa-bdbb-869c20aa288c,WEBSITE,website_status=UNAVAILABLE,2026-09-03 00:31:22,a3a196b8c25720ba,Sugar,Frankfurt,"Berger Straße 235, 60385 Frankfurt am Main",http://www.sugar-bar.de/
8538632e-87fc-4aeb-bae2-3572c87072a0,MENU,Candidates found but none validated,2026-09-03 00:31:35,d5b44629d0ea21ad,Schampus,Frankfurt,"Konrad-Broßwitz-Straße 12, 60487 Frankfurt am Main",http://www.weinstube-s-frankfurt.de/
67934f67-df3a-4d9b-a7eb-d902fe492856,WEBSITE,website_status=UNAVAILABLE,2026-09-03 00:31:35,ad0878dae06905ea,Zum Rad,Frankfurt,,
d6908bc9-a5b5-4ead-af68-6a02f7e2a487,WEBSITE,website_status=UNAVAILABLE,2026-09-03 00:31:35,3aeb2506e8a3800d,Zur Krone,Frankfurt,,
47c353d3-f4a0-45a6-a619-cdeb18b26b44,MENU,Candidates found but none validated,2026-09-03 00:31:49,b8bebc629e5cc1aa,Cookys Club,Frankfurt,,http://www.cookys-club.de/
5722b5ac-9a0f-458d-9a07-1eb5fbc42fc6,WEBSITE,website_status=UNAVAILABLE,2026-09-03 00:31:49,e004e4f26c1286b1,Ciao Ciao,Frankfurt,,
59825bc0-d0d3-4430-a786-711159fb8049,WEBSITE,website_status=UNAVAILABLE,2026-09-03 00:31:49,8dec7bde1ad9b32b,Wilma Next Generation,Düsseldorf,,
ba97ff19-88f2-475e-a589-2a636294696b,WEBSITE,website_status=UNAVAILABLE,2026-09-03 00:31:49,0a3024665341bafd,Comback,Düsseldorf,,
08820e85-80d1-41a0-acd7-eb81dcd021a6,WEBSITE,website_status=UNAVAILABLE,2026-09-03 00:31:57,ccdb229924dc9154,Flur-Schänke,Düsseldorf,,
6ba73a79-a332-4d10-a5cf-031ef0186778,WEBSITE,website_status=UNAVAILABLE,2026-09-03 00:31:57,c6be295a9d0c3fbf,Birkeneck,Düsseldorf,,
bcc0be73-e848-498c-883b-667e09532cc9,WEBSITE,website_status=UNAVAILABLE,2026-09-03 05:34:45,155a4d6e7b6407b6,Lotte,Düsseldorf,,
a39a0560-5d8e-4711-9c5a-075a2704d337,WEBSITE,website_status=UNAVAILABLE,2026-09-03 05:34:46,f670f2b89c8b533b,Bogeneck,Düsseldorf,,
84856866-f997-4b95-ba1f-fd8bd753817a,WEBSITE,website_status=UNAVAILABLE,2026-09-03 05:34:47,ea4d26f2d9d798ba,Billard-Forum,Düsseldorf,,
5362599b-787f-4f86-8e7a-f5d8f957aeb2,WEBSITE,website_status=UNAVAILABLE,2026-09-03 05:34:48,ae7b0dedd9dbbd74,Weno Bar,Düsseldorf,"Ackerstraße 49, 40233 Düsseldorf",
6ef37aa9-1ea9-4ac4-9560-91440042f751,WEBSITE,website_status=UNAVAILABLE,2026-09-03 05:34:49,46a21790d6b39592,Frankenheim,Düsseldorf,"Wielandstraße 14, 40211 Düsseldorf",
0ab5cb4b-79fe-47f0-b2a0-1181c07e0711,WEBSITE,website_status=UNAVAILABLE,2026-09-03 05:34:49,42cd07abca54253c,SV Oberbilk 09,Düsseldorf,"Seeheimer Weg 11, 40227 Düsseldorf",
b10a0a5a-711c-4efc-8974-d7bbb69b8832,WEBSITE,website_status=UNAVAILABLE,2026-09-03 05:34:49,4e22be43c34ababa,Bar Ciao Italia,Düsseldorf,"Markenstraße 35, 40227 Düsseldorf",
25a0992f-f23e-48e9-81f3-2acd2bc67f58,WEBSITE,website_status=UNAVAILABLE,2026-09-03 05:35:02,64605bc1b24b15d0,Gaststätte Vereinshaus Kleingartenverein Solidarität e.V.,Düsseldorf,"Höherweg 300, 40231 Düsseldorf",
914ec945-0376-4316-b09d-6571b0d9a0cd,WEBSITE,website_status=UNAVAILABLE,2026-09-03 05:35:02,d3da2d0950beee97,T-Bar,Düsseldorf,,
ce6413a0-8420-4e27-9d43-9349aacfbf13,WEBSITE,website_status=UNAVAILABLE,2026-09-03 05:35:02,dc9852db81a88ddd,Schumacher in Gerresheim,Düsseldorf,"Kölner Tor 8, 40625 Düsseldorf",
d32b8719-61b0-4423-a237-68100baf79d7,WEBSITE,website_status=UNAVAILABLE,2026-09-03 05:35:02,78f240e361e29141,Mezcaleria,Düsseldorf,"Hunsrückenstraße 16, 40213 Düsseldorf",
d786ba8e-ff9d-4286-9fdd-2a64c07707bd,WEBSITE,website_status=UNAVAILABLE,2026-09-03 05:35:02,e75c5ad0dfc15fe5,Louisiana,Düsseldorf,"Bolkerstraße 18, 40213 Düsseldorf",
8dd0b01e-aaee-47d3-980d-18ce29a0a364,WEBSITE,website_status=UNAVAILABLE,2026-09-03 05:35:02,0ef611ac64aa69ad,Bergschlößchen,Düsseldorf,"Hardenbergstraße 21, 40625 Düsseldorf",
43298284-ddd2-4e92-b0d6-6eca314cf564,WEBSITE,website_status=UNAVAILABLE,2026-09-03 05:35:02,83cf22e5aa0cc6ca,Haus Dreieck,Düsseldorf,"Hagebuttenweg 30, 40235 Düsseldorf",
f02666a4-a140-4a90-a23c-20b128265ac8,WEBSITE,website_status=UNAVAILABLE,2026-09-03 05:35:02,aee6b5d57bc1962d,Sias Treff,Düsseldorf,,
cd551faa-817c-4c08-b98c-ce42ef1f39fe,WEBSITE,website_status=UNAVAILABLE,2026-09-03 05:35:02,df99a421dc6656f1,SP-Saal,Düsseldorf,,
5ab750ce-97bd-4dd1-8dd0-6eef3a495564,MENU,Low confidence (0.4),2026-09-03 05:35:16,dfb9219a60478e36,Barco Bar & Coffee Lounge,Düsseldorf,"Charlottenstraße 51, 40210 Düsseldorf",http://www.barco-lounge.de/
096ef9a5-b3fc-44a8-992f-24ec9a271e33,WEBSITE,website_status=UNAVAILABLE,2026-09-03 05:35:16,5396d7f6796f2d63,Schweidnitzer Eck,Düsseldorf,,
8cba203a-104d-4509-91a4-93be62db7e1a,MENU,Candidates found but none validated,2026-09-03 05:35:26,8e5ffcaa286291ca,Brauhaus Albrecht,Düsseldorf,,http://duesseldorf.brauhaus-joh-albrecht.de/
1ae55595-6224-4286-a02c-0db5f6974c6f,WEBSITE,website_status=UNAVAILABLE,2026-09-03 05:35:27,5c5783d87d04b5f4,Zille,Düsseldorf,,https://www.zilleoberkassel.de/zille_oberkassel__luegalle_1__.html
66ee5380-7bff-4282-8dc0-3170fe8041e7,WEBSITE,website_status=UNAVAILABLE,2026-09-03 05:35:27,3b217bac1b0b7b57,Isla De Cuba,Düsseldorf,"Bolkerstraße 24, 40213 Düsseldorf",
ca9c2c36-aab3-4698-95e8-5f6213e87cdc,WEBSITE,website_status=UNAVAILABLE,2026-09-03 05:35:27,49c59fec5d86754a,Zum Tuppes,Düsseldorf,,
33e8c8f9-dcd4-4e83-a557-05fd3b59e55d,WEBSITE,website_status=UNAVAILABLE,2026-09-03 05:35:27,355941e76c7a82c6,Rochusschänke,Düsseldorf,,
978c24c3-f369-48fa-8729-ab5568b33d07,WEBSITE,website_status=UNAVAILABLE,2026-09-03 05:35:27,369e1e5f47068fc8,En de Möhl,Düsseldorf,"Mühlenkamp 40, 40229 Düsseldorf",
3e73c1ae-61c6-464e-97dd-6e5001a6965c,WEBSITE,website_status=UNAVAILABLE,2026-09-03 05:35:27,006b54e83f1884a8,Gourmet Haus,Düsseldorf,"Kölner Straße 287, 40227 Düsseldorf",
6221da44-5b8a-4430-81bf-1b0c18fd38eb,WEBSITE,website_status=UNAVAILABLE,2026-09-03 05:35:27,fca31d1fe15f46b8,Pief,Düsseldorf,"Mülheimer Straße 1a, 40239 Düsseldorf",
abf11e47-8a78-405e-a717-30aa13121c9e,WEBSITE,website_status=UNAVAILABLE,2026-09-03 05:35:27,345b150d7c0944c9,Zum Deutschen Kaiser,Düsseldorf,,
e03194ca-08c6-422c-8604-19915a5b3b2e,WEBSITE,website_status=UNAVAILABLE,2026-09-03 05:35:27,bcb436ebaeb7561a,Zum Salamander,Düsseldorf,,
9e63786d-3b25-4d8f-be61-823bcdbc491f,WEBSITE,website_status=UNAVAILABLE,2026-09-03 05:35:27,afabcfbd1886d031,Zum Adler,Düsseldorf,,
7c2419db-a7a4-4edd-93b3-badba4ea1629,WEBSITE,website_status=UNAVAILABLE,2026-09-03 05:35:27,432782b17fc82c34,Jägerhaus,Düsseldorf,,
e37339f0-970e-4f35-a3b6-18220ef8c227,WEBSITE,website_status=UNAVAILABLE,2026-09-03 05:35:27,c4a95f9a07c7db06,Zur Schönau,Düsseldorf,,
7709c5c7-f4f3-4afe-8133-db7c4df21483,WEBSITE,website_status=UNAVAILABLE,2026-09-03 05:35:27,f11b49d805de96ab,Promille,Düsseldorf,"Glashüttenstraße 25, 40627 Düsseldorf",
016a52e2-6069-457a-9cbc-fa09ca75d5e3,WEBSITE,website_status=UNAVAILABLE,2026-09-03 05:35:27,a17219129c3dc0d1,Schlössers Bierhaus,Düsseldorf,,
5e377fd5-bf61-4528-9f03-086ec07dd501,MENU,Candidates found but none validated,2026-09-03 05:35:41,8dab45cd6198192e,Seifen Horst,Düsseldorf,,http://www.seifenhorst.de
6601ec43-319b-4df3-aaa3-de8e71abe59c,WEBSITE,website_status=UNAVAILABLE,2026-09-03 05:35:41,4b31a1a36cb28a84,Frankenheim am Zoo,Düsseldorf,"Rethelstraße 151, 40237 Düsseldorf",
d2bee22c-386c-4dfd-81ba-858ca5eac930,WEBSITE,website_status=UNAVAILABLE,2026-09-03 05:35:57,495bca8e683429d6,Braustübchen,Düsseldorf,,
a899967b-e00c-498c-8add-9a74f1bba225,WEBSITE,website_status=UNAVAILABLE,2026-09-03 05:36:15,e42084b408cf1b2f,Ulmer Höh,Düsseldorf,"Ulmenstraße 114, 40476 Düsseldorf",
b4ba1653-58e1-4adb-a082-c7c71f8f5d69,MENU,Candidates found but none validated,2026-09-03 05:36:30,376eebf56fb5e59f,Zur Alten Apotheke,Düsseldorf,"Bücherstraße 18, 40593 Düsseldorf",https://www.theke-urdenbach.de/
27715637-4295-410a-a409-06af7412a6e1,MENU,Candidates found but none validated,2026-09-03 05:36:34,069c2b4c5dc1c0d1,Bürgerstube,Düsseldorf,", 40593 Düsseldorf",https://www.buergerstubeurdenbach.de/
35c8e161-1d5a-412e-8f24-3945af0da00f,WEBSITE,website_status=UNAVAILABLE,2026-09-03 05:36:34,375c408a4d430374,Töpferstube,Düsseldorf,"Bockhackstraße 27, 40593 Düsseldorf",
0fd0697f-d135-4f1a-b5c5-c747ddb66f96,WEBSITE,website_status=UNAVAILABLE,2026-09-03 05:36:34,81295c45859cad08,Vereinshaus KGV Berta 3,Düsseldorf,,
4a17d8ca-1648-4a11-8e2e-552161866c33,WEBSITE,website_status=UNAVAILABLE,2026-09-03 05:36:34,b5a3835abc2f580a,Fatty's Irish Pub,Düsseldorf,"Hunsrückenstraße 13, 40213 Düsseldorf",http://www.fattysirishpub.com
3567d918-90f9-4a89-96c1-0bdfb7cc09d0,WEBSITE,website_status=BLOCKED,2026-09-03 05:36:35,00a3d8a5f472ccce,Sutton's Irish Pub,Düsseldorf,"Hunsrückenstraße 5, 40213 Düsseldorf",http://www.suttonsirishpub.de
554d3a19-629e-44f2-a988-ab877644bb42,WEBSITE,website_status=UNAVAILABLE,2026-09-03 05:36:35,0869856e4eac2113,Marktstübchen,Düsseldorf,"Gertrudisplatz 3, 40229 Düsseldorf",
4eb2233c-63c9-45ea-9e16-2d7744244084,MENU,Candidates found but none validated,2026-09-03 05:36:52,8f0f1aa161a46c45,Beuys Bar,Düsseldorf,"Neubrückstraße 2, 40213 Düsseldorf",https://beuys-bar.com/
42b89ecf-7b0e-4894-8e13-53e41ac7263e,WEBSITE,website_status=UNAVAILABLE,2026-09-03 05:36:52,9f61c2c3c13b7c1b,Holzwurm II,Düsseldorf,,
880694d6-06f6-4b4a-bff5-6c8071cec1b6,WEBSITE,website_status=UNAVAILABLE,2026-09-03 05:36:52,bfe86b7a215e516b,Kepler-Eck,Düsseldorf,"Keplerstraße 18, 40215 Düsseldorf",
cc8eda0f-54bf-465e-9aed-8390b8280a2a,WEBSITE,website_status=UNAVAILABLE,2026-09-03 05:36:54,839a00516bd8e4e7,Bierstüble,Stuttgart,"Ludwigsburger Straße 81,  Stuttgart",http://bierstueblezuffenhausen.npage.de/
e18e65da-264f-475d-b7b7-06e8d1abf67e,WEBSITE,website_status=UNAVAILABLE,2026-09-03 05:36:54,84cbd70843fe4bf1,Déjà Vu,Stuttgart,"Ludwigsburger Straße 81,  Stuttgart",
afb68f42-1910-44ae-a383-a21746ff7352,WEBSITE,website_status=UNAVAILABLE,2026-09-03 05:36:54,e102c2ad090d9281,Lobby,Stuttgart,,
73c759a1-9f36-4cad-b741-ee2c17eb4f06,WEBSITE,website_status=UNAVAILABLE,2026-09-03 05:36:54,9b55b5d98f033c75,Bistro Cheers,Stuttgart,,http://www.cheers-stuttgart.com
56bf198f-f7db-4d94-b52f-8032797ae52e,WEBSITE,website_status=UNAVAILABLE,2026-09-03 05:36:54,816c22d56784749c,Allouett,Stuttgart,"Burgunderstraße 3, 70435 Stuttgart",
163bf976-7ca8-408a-8afd-f736badfa1c9,WEBSITE,website_status=UNAVAILABLE,2026-09-03 05:36:54,06d8d244c533d5b8,Tatti,Stuttgart,,
c405b89a-95e1-42b1-85d1-674bec86679a,WEBSITE,website_status=UNAVAILABLE,2026-09-03 05:36:54,cf7635fdfd858dbf,1. Stock,Stuttgart,"Steinstraße 13, 70173 Stuttgart",
5bf23b53-f18f-4ddf-8b90-8e6c2234d9f7,WEBSITE,website_status=UNAVAILABLE,2026-09-03 05:36:54,7def91523b148617,Kirchtal,Stuttgart,,
b37ea6ea-a207-40ed-bd6f-3f8026954f83,WEBSITE,website_status=UNAVAILABLE,2026-09-03 05:36:54,8d0304c215609764,Bier Gärtle,Stuttgart,"Burgunderstraße 32, 70435 Stuttgart",
8c225813-571c-41aa-b613-7d474c1a96bc,WEBSITE,website_status=UNAVAILABLE,2026-09-03 05:36:54,529ac9538b7dc483,Pub 77,Stuttgart,,
b3ad661a-171e-4d56-b534-0d78b860f593,WEBSITE,website_status=UNAVAILABLE,2026-09-03 05:36:54,12ab9b1f5777d06f,Waldblick Schlotwiese,Stuttgart,,
e8668624-2892-4457-a978-757fb1ca22f1,WEBSITE,website_status=UNAVAILABLE,2026-09-03 05:36:54,9479fd308f15027c,Alte Schule,Stuttgart,"Gablenberger Hauptstraße 128, 70186 Stuttgart",
b65a4225-777c-4b9b-b128-7bbe5386bb29,WEBSITE,website_status=UNAVAILABLE,2026-09-03 05:36:54,b4626c4edb7b1abc,Yart,Stuttgart,"Königstraße 47, 70173 Stuttgart",
815200c9-6469-4ff8-bbb1-744d4bbdcdbd,MENU,Candidates found but none validated,2026-09-03 05:37:18,4b27a815855e21fe,Club Zwanglos,Stuttgart,"Hirschstraße 36, 70173 Stuttgart",http://www.club-schocken.de/
82a4f729-be2d-43ef-900f-0215a6463087,WEBSITE,website_status=UNAVAILABLE,2026-09-03 05:37:18,03c5bef899ea1e0b,Bar Luna,Stuttgart,,
725593cc-a27c-467d-ae7a-6ca71be3a3c2,WEBSITE,website_status=UNAVAILABLE,2026-09-03 05:37:18,74417884cc832072,Bistro Rotweg,Stuttgart,,
82bc7c34-767c-4fdd-90c9-c7362839d5af,WEBSITE,website_status=UNAVAILABLE,2026-09-03 05:37:18,881318921b24ad60,Romeo Stüble,Stuttgart,,
51626f6b-047a-4a03-8e7b-0212d44e5a00,MENU,Low confidence (0.4),2026-09-03 05:37:32,ba32cd0b7d5948b2,The Auld Rogue,Stuttgart,"Hauptstraße 57, 70563 Stuttgart",https://www.theauldrogue.com/
f2c246e6-4e98-4cf8-8849-d29da8afca8c,WEBSITE,website_status=UNAVAILABLE,2026-09-03 05:37:32,d97173e3e36c611f,Panoptikum,Stuttgart,,
31371905-101e-45af-ba16-9686daf22f85,WEBSITE,website_status=UNAVAILABLE,2026-09-03 05:37:43,7d1ee9934c6a5032,Gasthof zur Tanne,Stuttgart,,
c7ed89b3-d6be-49a9-bfe1-a6c380542d4d,WEBSITE,website_status=UNAVAILABLE,2026-09-03 05:37:43,a4cfd3c91c7d5f25,Bistro Benzin,Stuttgart,"Schwabstraße 193, 70193 Stuttgart",https://www.bistro-benzin-stuttgart.de/
a7a1b3ee-904a-4a6e-aa48-b1a81b648af9,WEBSITE,website_status=UNAVAILABLE,2026-09-03 05:37:43,d60b17f6c69646fc,Kühler Grund,Stuttgart,"Heumadener Straße 9, 70329 Stuttgart",
e7e8e55a-3c20-493c-b22a-6edb673c86a1,WEBSITE,website_status=UNAVAILABLE,2026-09-03 08:16:14,2ef1144a0da6371a,Heslacher Bürgerstüble,Stuttgart,,
a5e44b9d-744b-4ce3-b656-1f4778c62bd3,WEBSITE,website_status=UNAVAILABLE,2026-09-03 08:16:42,241428d1b64040e9,Schdäffele,Stuttgart,Gutbrodstraße,
ca3ad75c-380e-436a-93b2-1f135d9f19bf,WEBSITE,website_status=UNAVAILABLE,2026-09-03 08:16:43,a6f757ca90491e80,Lido,Stuttgart,"Leonhardstraße 18, 70182 Stuttgart",
26c97718-6012-42d7-936e-f6ad6c8d2e40,WEBSITE,website_status=UNAVAILABLE,2026-09-03 08:16:43,7f057c6fabfa72b6,Havanna,Stuttgart,"Paulinenstraße 49, 70178 Stuttgart",http://www.havanna-cocktailbar.com/
6cbf24f1-0110-4ddc-ab72-77af036b052a,WEBSITE,website_status=UNAVAILABLE,2026-09-03 08:16:44,ff313dd60d26ecf7,KantoLounge,Stuttgart,,
ee4712e6-f625-409b-bc44-1118f6c5f511,WEBSITE,website_status=UNAVAILABLE,2026-09-03 08:16:45,abf3685e160f66ef,Sports Bar Ost,Stuttgart,,
b6f000cd-1596-4b98-a471-c3159116fb8a,WEBSITE,website_status=UNAVAILABLE,2026-09-03 08:16:46,b6f285a648c85f81,Zum Goldenen Trichter,Stuttgart,"Pfaffenwaldring 50C, 70569 Stuttgart",https://pfaffenhof.net/verein-und-tutorien/sansibar/
64890853-0a2e-433e-a906-c7318cd21fc5,WEBSITE,website_status=UNAVAILABLE,2026-09-03 08:16:46,2b91878e00d0047c,WunderBar,Stuttgart,"Pfaffenwaldring 76C, 70569 Stuttgart",https://str1.wh-stuttgart.net/wunderbar-faq/
b7b4e965-da85-4a29-91ac-d0a4518a554c,WEBSITE,website_status=UNAVAILABLE,2026-09-03 08:16:47,c0d2b670321b72dd,Express,Stuttgart,,
7e65da5c-82c5-4a53-8884-1c284ef73e1a,MENU,Candidates found but none validated,2026-09-03 08:17:15,5526a3988d47e077,Tango Ocho,Stuttgart,"Innerer Nordbahnhof 1, 70191 Stuttgart",https://www.ocho.de/
55df65e5-c3fd-4951-b6c0-db3e51c511f7,WEBSITE,website_status=UNAVAILABLE,2026-09-03 08:17:15,c4f1ee50a890341f,Corner39,Stuttgart,,
3fa84259-e69e-4fe2-b21c-ca44fd725b47,WEBSITE,website_status=UNAVAILABLE,2026-09-03 08:17:15,8584e97c3f046b07,Grandls,Stuttgart,,
284a762b-aa49-41d1-8760-f97b5bdc3ec0,WEBSITE,website_status=UNAVAILABLE,2026-09-03 08:17:15,b064f4c7494160e2,Schlabberle,Stuttgart,,
c5f5d4c3-f82e-4362-8625-59a28e45704e,WEBSITE,website_status=UNAVAILABLE,2026-09-03 08:17:15,9a4668be16036d2b,el Moods,Stuttgart,,
d10d5b1a-eae0-42be-b616-005d2abe29ee,WEBSITE,website_status=UNAVAILABLE,2026-09-03 08:17:15,ff9a13959818d6f0,Fou Fou,Stuttgart,"Leonhardstraße 13, 70182 Stuttgart",
665f12ec-955d-4f09-9297-5abc8ad56a29,MENU,Candidates found but none validated,2026-09-03 08:17:19,d87d5cb078c75226,"Irish Pub ""The Dubliner""",Stuttgart,,http://www.stuttgart-tourist.de/a-irish-pub-the-dubliner
d048342e-313a-4268-80c0-9b40d374385f,WEBSITE,website_status=UNAVAILABLE,2026-09-03 08:17:19,f0b98e11e5e3297d,Bierstube Möhringen,Stuttgart,,
2a0a1acd-2004-41af-a944-daa6acf42fc5,WEBSITE,website_status=UNAVAILABLE,2026-09-03 08:17:19,e120a64c6a569bd0,Biertreff Weinstüble,Stuttgart,,
3da8aaac-fd4b-4f17-8487-702533eb4dce,MENU,Candidates found but none validated,2026-09-03 08:17:32,eac0d038162db581,Foxy Bar,Stuttgart,"Vaihinger Straße 63, 70567 Stuttgart",http://www.foxi-bar.de/
b2ecfe6d-2a1e-47fe-aa92-5300bacaeaf5,WEBSITE,website_status=UNAVAILABLE,2026-09-03 08:17:32,c45071d9d476e671,La Concha,Stuttgart,"Wilhelmsplatz 5, 70182 Stuttgart",
99dc1749-2f0e-439e-a0e5-46ceb3a6adeb,WEBSITE,website_status=BLOCKED,2026-09-03 08:17:32,c3e08011885be937,Mono Bar,Stuttgart,"Wilhelmsplatz 10, 70182 Stuttgart",https://mono-bar.de/
a0518bfb-b203-4e55-8a68-99f6af9af143,WEBSITE,website_status=UNAVAILABLE,2026-09-03 08:17:32,706ea123b78ef251,Pils Bar Alt Stuttgart,Stuttgart,,
32366e2b-52ed-4f03-bb25-80e5efc198cf,WEBSITE,website_status=UNAVAILABLE,2026-09-03 08:17:33,e96ff80c7b3a07e4,Forró Haus,Stuttgart,,https://www.dasforrohaus.de/
08afd5ac-7a88-4636-91a3-088efc61f995,WEBSITE,website_status=UNAVAILABLE,2026-09-03 08:17:33,8b90e3da6eac5597,Maison Matcha,Stuttgart,"Marktstraße 1-3, 70173 Stuttgart",
95c130d6-b244-47b2-a102-636ef8a5de4c,MENU,Candidates found but none validated,2026-09-03 08:17:46,9580389020c4bdcb,K29 - Der Zieglerkeller,Stuttgart,"Blumenstraße 29, 70182 Stuttgart",https://www.gayzone-stuttgart.org/
594fd4ae-7001-4fa2-91d6-3b44541c22da,WEBSITE,website_status=UNAVAILABLE,2026-09-03 08:17:46,98e5ce897cbf7f7f,Hemingway,Stuttgart,,
f930e616-a441-46df-a83a-8d56ad29b9e5,WEBSITE,website_status=UNAVAILABLE,2026-09-03 08:17:46,c0fea84c06804018,Büsnauer Bierstüble,Stuttgart,"Büsnauer Platz 1, 70569 Stuttgart",
16e99323-7ebd-46d3-a40a-ac9199b21b8d,WEBSITE,website_status=UNAVAILABLE,2026-09-03 08:17:46,37f5b0ee55fdd55e,Lange Theke,Stuttgart,,
c4531fce-9891-4f6c-a7b2-38830af74623,WEBSITE,website_status=UNAVAILABLE,2026-09-03 08:17:46,bede6a4789267f35,Arena,Stuttgart,,
c02d9610-0bf7-460e-ad7e-4591fc4702e0,MENU,Candidates found but none validated,2026-09-03 08:18:21,0b8d0f225a15c071,La Boum,Leipzig,,https://www.laboum-leipzig.de/
db5c0f09-d08e-4098-a701-5f06c2203d7a,MENU,Low confidence (0.4),2026-09-03 08:18:28,e43c844a39366606,Fela,Leipzig,"Karl-Liebknecht-Straße 92, 04275 Leipzig",http://www.fela-in-leipzig.de
809548c7-d56b-49a1-be93-c062d833c43c,WEBSITE,website_status=UNAVAILABLE,2026-09-03 08:19:06,cff49ac2a7dceb65,Cantona,Leipzig,"Windmühlenstraße 29, 04107 Leipzig",http://cafecantona.com
82548d90-532e-471d-b1a5-4ddbb0dc4d4e,WEBSITE,website_status=UNAVAILABLE,2026-09-03 08:19:06,dec6fd046fc29f90,skala,Leipzig,,
3a1e9fa2-198f-4068-9b40-2726d76ced4c,WEBSITE,website_status=UNAVAILABLE,2026-09-03 08:19:10,8a9f6699208c1d25,Die Zwanzig,Leipzig,,
ae915d32-12a6-4e00-b6ae-d5d75167323e,WEBSITE,website_status=UNAVAILABLE,2026-09-03 08:19:10,5b688a48a6eaf0d8,Kurze Ecke,Leipzig,,
47304323-a8a3-4416-9b5d-3a7c7210b9f8,MENU,Candidates found but none validated,2026-09-03 08:19:45,3df6a580f5895398,Elsterartig,Leipzig,"Dittrichring 17, 04109 Leipzig",https://elsterartig.de/
4ebaf83b-66a6-4e20-ba6c-87230ef495fa,WEBSITE,website_status=UNAVAILABLE,2026-09-03 08:19:45,1c54422cc0724973,Zur Scheune,Leipzig,,
8548de26-435a-4755-9c48-63e998c9653f,WEBSITE,website_status=UNAVAILABLE,2026-09-03 08:19:45,e6f215ca471ad21e,Ritas Play Off,Leipzig,,
df1c9c23-a0c3-4633-aa5f-19db59fa05c0,WEBSITE,website_status=UNAVAILABLE,2026-09-03 08:19:46,2a57ea5f0a9b84ce,Bikers Inn,Leipzig,,https://www.bowling-pub.de/
b5f28bd8-ea19-42d4-a13d-458d6624ea91,MENU,Low confidence (0.47),2026-09-03 08:20:21,2941658fcf8e0dae,Leo's Brasserie,Leipzig,"Reichsstraße 20, 04109 Leipzig",https://www.leosbrasserie.de/
06617cbe-fb8c-45ec-9c04-036440ceccd3,WEBSITE,website_status=UNAVAILABLE,2026-09-03 08:20:21,554459914ab25b96,Major's Pub,Leipzig,"Gohliser Straße 36, 04155 Leipzig",
dce9c84f-4eb6-45b8-b70e-f7276c24df5f,WEBSITE,website_status=UNAVAILABLE,2026-09-03 08:20:21,63bc9591f73a24f2,Mega Bar,Leipzig,,
a331b976-745c-4051-972b-a07ea4230c7b,MENU,Candidates found but none validated,2026-09-03 08:21:13,e9fdbeb7f0ff98e1,Little Vision,Leipzig,"Käthe-Kollwitz-Straße 10, 04109 Leipzig",https://www.little-vision.de/
5bab43e0-dca0-4e21-a0f5-cac25701969d,WEBSITE,website_status=UNAVAILABLE,2026-09-03 08:21:13,e6016bb5e1de7fc2,Bull's Eye,Leipzig,,http://irishpubbullseye.de/
6502ef46-3aeb-4f6c-858b-9ef6a71de54a,WEBSITE,website_status=UNAVAILABLE,2026-09-03 08:21:13,0c771f5d5f54660e,Cheers Bar,Leipzig,,
27b27266-6761-4436-8083-c3b397a406c8,WEBSITE,website_status=UNAVAILABLE,2026-09-03 08:21:13,0de2d7c019ee72cf,Sportsbar Das Eck,Leipzig,"Reclamstraße 31, 04315 Leipzig",
72a7e240-cbb6-48a0-9ceb-0c1ae33ef898,WEBSITE,website_status=UNAVAILABLE,2026-09-03 08:21:26,b73a35ac50c5ad27,Gaststätte Sanatorium,Leipzig,"Bornaische Straße 48, 04277 Leipzig",
5e72108d-b69e-492d-ac09-1bcb09a6ed76,MENU,Candidates found but none validated,2026-09-03 08:21:41,6d34e1986224e4ee,Noch besser leben,Leipzig,"Merseburger Straße 25, 04229 Leipzig",https://www.nochbesserleben.com/
8fae18aa-b5d6-4215-bef3-3bf1a93ae068,WEBSITE,website_status=UNAVAILABLE,2026-09-03 08:21:51,596e1603a4f1ddc1,Funzel,Leipzig,,
b3a54ca4-483d-4a85-9665-a084d7ae602a,MENU,Candidates found but none validated,2026-09-03 08:22:22,2c5ceb64eaab6cbb,Dr Faustus,Leipzig,"Nikolaistraße 6-10, 04109 Leipzig",https://faustus.club/
bf734e67-f405-4ebd-ba2d-531489cbc09e,MENU,Candidates found but none validated,2026-09-03 08:22:40,1e7193c86d49a27a,Libero,Leipzig,,http://www.libero-leipzig.de/
160f3440-82f0-43ec-b718-b5090dae45c1,WEBSITE,website_status=UNAVAILABLE,2026-09-03 08:22:40,29970e4921fbccbc,Der Anker,Leipzig,,
e5876548-2089-4ca9-a8a7-be058da89afc,WEBSITE,website_status=UNAVAILABLE,2026-09-03 08:22:40,3a3b11e57eb6f194,Chillum,Leipzig,"Karl-Liebknecht-Straße 74, 04275 Leipzig",
7d434e47-913d-43db-ae55-0a8722ed0652,WEBSITE,website_status=UNAVAILABLE,2026-09-03 08:22:41,03f99235c1f8e41c,Pie Maker,Leipzig,"Karl-Liebknecht-Straße 70, 04275 Leipzig",https://piemaker-leipzig.de/
81186ade-126e-4011-9c38-14fabb6a55a1,WEBSITE,website_status=UNAVAILABLE,2026-09-03 08:23:05,5ed2cec3cb948135,Besser Leben,Leipzig,"Holbeinstraße 2, 04229 Leipzig",
20bb293d-2f13-4f38-8c90-c8902a11914c,WEBSITE,website_status=UNAVAILABLE,2026-09-03 08:23:05,450c7292494afb05,Sonderbar,Leipzig,,http://www.sonderbar-leipzig.de/
2500536e-da40-4bbc-ae25-c932d30dbc7b,WEBSITE,website_status=UNAVAILABLE,2026-09-03 08:23:12,5f7e81cf2d8e0eb6,Galaxy Bar,Leipzig,Georg-Schwarz-Straße 18b,
9d304aaa-398f-4913-bd21-8b853c35ad55,MENU,Low confidence (0.4),2026-09-03 08:23:26,04da291b8bf406b2,Herr Kauzig,Leipzig,,https://herrkauzig.de/
26ca2f92-134b-4ba6-9ad6-d8440e918e20,MENU,Low confidence (0.4),2026-09-03 08:23:40,b8328f301a11e28d,Dr. Hops,Leipzig,"Eichendorffstraße 7, 04277 Leipzig",https://www.dr-hops.de/
1de961d5-73f4-4f96-bb29-a1e83d3fbef9,WEBSITE,website_status=UNAVAILABLE,2026-09-03 08:23:40,61b65fb176d3ade6,Tschoch,Leipzig,"Bornaische Straße 29, 04277 Leipzig",
ab8275a9-479a-4975-8677-2b74c4aa092c,WEBSITE,website_status=UNAVAILABLE,2026-09-03 12:20:08,de2da462d329fd0a,Betten Költzsch,Leipzig,"Wolfgang-Heinze-Straße 30, 04277 Leipzig",
a6249ad7-59f1-4ddb-b19b-155a233a64f4,MENU,Candidates found but none validated,2026-09-03 12:20:21,53b95e77053cc1c7,StuK,Leipzig,"Nürnberger Straße 42, 04103 Leipzig",https://stuk-leipzig.de
2328bdda-7f17-4c9b-b70a-ab512b171f82,MENU,Low confidence (0.4),2026-09-03 12:20:48,266e98b8785759bf,Destille,Leipzig,"Philipp-Rosenthal-Straße 31, 04103 Leipzig",https://www.destille.org
52860c02-a640-40ff-a793-0a4afd1a28b1,MENU,Candidates found but none validated,2026-09-03 12:21:13,683ae2b502ab4313,VILLAkeller,Leipzig,"Lessingstraße 7, 04109 Leipzig",https://www.villakeller.de
17f30ca6-14d9-45cc-9991-439c93a66bf8,WEBSITE,website_status=UNAVAILABLE,2026-09-03 12:21:14,7c2d88d48af339ca,sowiewir,Leipzig,,
1dfdf47d-ebe3-47bf-8518-a69463414119,MENU,Candidates found but none validated,2026-09-03 12:21:30,2658f3819740101f,Hexenkessel,Leipzig,,http://www.hexenkessel-leipzig.com/
e4607dd1-06d0-46d1-82a8-d7dbec9dc3bd,MENU,Candidates found but none validated,2026-09-03 12:21:59,c471e4a52a135a77,Flower Power,Leipzig,"Riemannstraße 42, 04107 Leipzig",https://flower-power.de/
b215dcab-4fef-42dc-b0a7-ffd26fbb07db,WEBSITE,website_status=UNAVAILABLE,2026-09-03 12:21:59,16f75c7e6f5e9a04,Käfer,Leipzig,Wurzner Straße 99,
bbd39618-6f2e-4953-b21a-096ad51b7ee9,WEBSITE,website_status=UNAVAILABLE,2026-09-03 12:22:00,0c12782db8bc0489,Frankenstube,Leipzig,"Wurzner Straße 22, 04315 Leipzig",
7c4aa884-479c-44c7-95f6-22d89cc8bae1,WEBSITE,website_status=UNAVAILABLE,2026-09-03 12:22:01,c0549ccc14644bbd,M.F.G.,Leipzig,"Möckernsche Straße 2, 04155 Leipzig",
ac02d09e-2efa-4fa1-acb5-35342827d392,WEBSITE,website_status=UNAVAILABLE,2026-09-03 12:22:47,9ec2f0ee14b9cc35,Bottoms Up,Dresden,"Martin-Luther-Straße 31, 01099 Dresden",
4f6dbd5b-23d0-4959-8a87-1d85f3582ec3,MENU,Low confidence (0.4),2026-09-03 12:23:00,714a868c0499fe59,Wohnzimmer,Dresden,"Jordanstraße 27, 01099 Dresden",https://wohnzimmer-dresden.de/
ecc851f7-88b5-4603-bcfb-77fffc29c339,WEBSITE,website_status=UNAVAILABLE,2026-09-03 12:23:20,5181b7bf0ad5914a,Kokolores,Dresden,"Rudolf-Leonhard-Straße 24,  Dresden",https://www.kokolores-dresden.de/
8146f34c-b124-4fee-9033-3c5a340f2ecc,MENU,Candidates found but none validated,2026-09-03 12:23:33,5be5eaaa60d2dabb,Blumenau,Dresden,"Louisenstraße 67, 01099 Dresden",https://www.cafe-blumenau.de
58ba7fa7-f974-4845-92f6-ecf5ea193713,WEBSITE,website_status=UNAVAILABLE,2026-09-03 12:23:33,614c389d71b93c27,Trotzdem,Dresden,,
a311386c-88d1-48be-a8f8-01cc65d59f65,MENU,Candidates found but none validated,2026-09-03 12:23:47,f4a77bc8b28b24ee,Bar Holda,Dresden,"Martin-Luther-Platz 4, 01099 Dresden",http://www.bar-holda.de
668f27fc-2f05-4c4f-b3ce-af7ed81c015e,WEBSITE,website_status=UNAVAILABLE,2026-09-03 12:23:47,75d35917c2584f98,Little Creatures,Dresden,"Louisenstraße 45, 01099 Dresden",
027e6ce7-bd52-4fed-8b73-d5d6c6aca398,WEBSITE,website_status=UNAVAILABLE,2026-09-03 12:23:47,9ceb3aca8886fb08,Pawlow,Dresden,"Görlitzer Straße 32, 01099 Dresden",
9022a8c7-2076-4b9e-9c92-9d31f74cdfee,WEBSITE,website_status=UNAVAILABLE,2026-09-03 12:23:47,49158929bdda1442,Mondfisch,Dresden,"Louisenstraße 37, 01099 Dresden",
b2af246a-3d2b-4bd3-bbc1-63908b37d693,MENU,Low confidence (0.4),2026-09-03 12:25:11,c890cec1c676273b,El Cubanito,Dresden,"Sebnitzer Straße 8b, 01099 Dresden",https://www.elcubanitodresden.de/
f7beac5f-8eaa-4351-91ba-010e5e13f5d6,MENU,Candidates found but none validated,2026-09-03 12:25:37,c9fca116b7aea3d5,Bautzner Tor,Dresden,"Hoyerswerdaer Straße 37, 01099 Dresden",https://www.bautznertor.de/
22e83d06-770c-438f-8c84-e49c37785cad,WEBSITE,website_status=UNAVAILABLE,2026-09-03 12:25:37,f1285e96da4b23be,TB Fusion Kitchen,Dresden,"Bischofsplatz 2, 01097 Dresden",
48dc7837-0e22-4792-a38d-5fbb4c4f69b3,WEBSITE,website_status=BLOCKED,2026-09-03 12:25:37,61aff54a5878d003,Studentenclub Bärenzwinger,Dresden,"Brühlscher Garten 1, 01067 Dresden",https://www.baerenzwinger.de/
ef5ee2c8-5e46-4535-91c2-dfa3437abd2b,WEBSITE,website_status=UNAVAILABLE,2026-09-03 12:25:37,608ce2edaa438b91,HD - Die Rock& Metalbar,Dresden,"Louisenstraße 28, 01099 Dresden",
57bf7dbf-b73a-42bb-9bdd-7d51d0ef147d,MENU,Candidates found but none validated,2026-09-03 12:26:09,8b2eeddf79bd30cc,Reck's,Dresden,,https://www.kneipen.de/dresden/recks-cafe-bierpub
34703023-e379-4ec3-a716-c2e488481d29,MENU,Candidates found but none validated,2026-09-03 12:26:36,6bc14ad3019c56d6,Zur Schmiede,Dresden,"Hechtstraße 15, 01097 Dresden",https://zur-schmiede-dresden.de/
f59db6f6-97a0-4885-9676-602d852ff88d,WEBSITE,website_status=UNAVAILABLE,2026-09-03 12:26:36,ce51f5caa3131da6,Rauchereck Zwingli,Dresden,,
7beee465-82f8-4e3b-99ed-1a5ebb43c3fa,MENU,Candidates found but none validated,2026-09-03 12:26:50,3d383c329e715750,Novitatis,Dresden,"Fritz-Löffler-Straße 12c, 01069 Dresden",https://novitatis.de/
8351f1c6-e1fe-49c5-985a-b79a8475dd80,MENU,Low confidence (0.4),2026-09-03 12:27:10,dd246b4f386fffbf,Club 11,Dresden,"Hochschulstraße 48, 01069 Dresden",https://www.clubelf.de/
035fc0c7-8b35-4e6c-a271-f97d75353616,WEBSITE,website_status=UNAVAILABLE,2026-09-03 12:27:10,359f9dac6d0c6ab3,Stadt Dresden,Dresden,,
8dc4047f-76be-455f-bf20-026785ad0232,WEBSITE,website_status=UNAVAILABLE,2026-09-03 12:27:10,e380310670940219,Aquarium,Dresden,,
530deb3f-025a-4860-a8f9-1004f9f26568,MENU,Candidates found but none validated,2026-09-03 12:27:47,837cbbf30afbb462,Die Reisekneipe,Dresden,"Görlitzer Straße 15, 01099 Dresden",http://www.reise-kneipe.de/
541b1572-2e58-498c-9bf8-51723fab11af,WEBSITE,website_status=UNAVAILABLE,2026-09-03 12:28:10,a3ff3689e4355e8b,Kakadu-Bar,Dresden,,
f1bddaf1-c803-44cb-bfa3-781aa88f4d46,WEBSITE,website_status=UNAVAILABLE,2026-09-03 12:28:10,e1df35bb68c33727,BierBar Ass,Dresden,"Grunaer Straße 23,  Dresden",
2b0ad515-b8d9-414d-af4b-56327a8b189c,MENU,Candidates found but none validated,2026-09-03 12:28:23,b489564cd78e8f77,Laika,Dresden,"Kamenzer Straße 20, 01099 Dresden",http://www.cafe-laika.de/
00165dec-9f92-4bef-a4f1-561b0bd4db6a,WEBSITE,website_status=UNAVAILABLE,2026-09-03 12:28:23,99710cc255930492,Steinhaus,Dresden,"Rehefelder Straße 63, 01127 Dresden",
24c4ff69-cf71-47f8-8e67-bc35a6c24735,WEBSITE,website_status=UNAVAILABLE,2026-09-03 12:28:37,5262c783e6826521,Charly Tag & Nacht,Dresden,,
454d96fe-d45e-4ca2-acac-d9b1e49a851f,MENU,Candidates found but none validated,2026-09-03 12:29:06,b26cf40a9129186d,BBC - Bar Brasserie Cassis,Dresden,"Alaunstraße 18, 01099 Dresden",http://www.bbc-dresden.de
35e9ca33-ae9f-4cc4-8d13-fc6cade29739,WEBSITE,website_status=UNAVAILABLE,2026-09-03 12:29:06,fced87489d10851d,61 Alaunbar,Dresden,"Alaunstraße 61, 01099 Dresden",
75a5496b-6f9e-460f-a9a1-2e442451305a,WEBSITE,website_status=UNAVAILABLE,2026-09-03 12:29:23,1b925781debba182,Die 100,Dresden,"Alaunstraße 100, 01099 Dresden",https://www.diehundert.org
c3f37963-efab-45c6-b852-9c906a863ef3,WEBSITE,website_status=UNAVAILABLE,2026-09-03 12:29:23,b8c49e5f28aae612,"Lappen, the",Dresden,"Louisenstraße 83, 01099 Dresden",
7cac3dc6-038b-4282-af60-5cfcf15155a9,MENU,Low confidence (0.4),2026-09-03 12:29:40,d4f80f721d28c46a,Gutzkowclub,Dresden,"Gutzkowstraße 29-33, 01069 Dresden",http://gutzkow-club.de/
39cddd8e-16e4-4451-bcca-4695e300aaaf,WEBSITE,website_status=UNAVAILABLE,2026-09-03 12:29:40,1cc58385d9e61c4f,Crambambuli,Dresden,,
a3bb42eb-009b-4ec3-a295-9a84ce6a6f5c,WEBSITE,website_status=UNAVAILABLE,2026-09-03 12:29:40,1e39004df9561ed4,Lebowski,Dresden,"Görlitzer Straße 5, 01099 Dresden",
c4c62e13-a5cf-42d0-845d-e8f5ae664b87,MENU,Candidates found but none validated,2026-09-03 12:29:55,74eec16442475447,Blue Note,Dresden,"Görlitzer Straße 2b, 01099 Dresden",http://www.bluenote-dresden.de
db3cf624-0bec-4f02-9121-88c8332d0252,WEBSITE,website_status=UNAVAILABLE,2026-09-03 12:31:22,c14bcb76574ca54d,Top Eck,Dresden,"Pfotenhauerstraße 84, 01307 Dresden",
1db69458-fa01-457e-8621-c9319dc2569c,WEBSITE,website_status=UNAVAILABLE,2026-09-03 12:31:22,9d9cdf01b3742e2c,Schmidt's Bistro-Bar,Dresden,,
df831d52-2e2e-416e-8ef0-f436d64bc39e,MENU,Candidates found but none validated,2026-09-03 12:32:15,381be7974b0330f1,Studentenclub Borsi34,Dresden,"Borsbergstraße 34, 01309 Dresden",http://www.borsi34.de
4fd324ae-5d28-4428-8183-d5d3028a1850,MENU,Low confidence (0.4),2026-09-03 12:33:10,e903a1812f1b9a7d,Straußwirtschaft Weingut Müller,Dresden,,https://www.winzer-lutz-mueller.de
e47c1c94-af59-4f91-8846-72750a1c4954,MENU,Low confidence (0.4),2026-09-03 12:33:29,4119496bf5ff4a11,Madness,Dresden,"Görlitzer Straße 23, 01099 Dresden",https://www.madness-dresden.de/
0303ae37-9280-404c-a590-d10fe477a67a,WEBSITE,website_status=UNAVAILABLE,2026-09-03 12:33:29,74183f8e25b46200,Fiasko,Dresden,"Görlitzer Straße 22, 01099 Dresden",
044a6c23-acf9-423f-bb16-69d96cbd5c11,WEBSITE,website_status=UNAVAILABLE,2026-09-03 12:33:29,f97b7a60a11b7550,Irish Castle Pub,Nuremberg,"Schlehengasse 31, 90402 Nürnberg",https://www.irish-castle.pub
54f2e20d-5dfc-4a74-97f9-9591e4c44074,MENU,Candidates found but none validated,2026-09-03 12:34:30,357a0d4c799cc6c4,Singularis Porcus,Nuremberg,"Harsdörfferstraße 8, 90478 Nürnberg",https://web.archive.org/web/20210226214637/http://singularis-porcus.de/
3a19d90d-3a37-45ef-b916-3f1f75965723,WEBSITE,website_status=UNAVAILABLE,2026-09-03 12:34:30,0c587c2ecc983761,Sieben,Nuremberg,"Helmstraße 7, 90419 Nürnberg",
5c8fe381-9fbe-4557-b614-d9fa9a83bf90,WEBSITE,website_status=UNAVAILABLE,2026-09-03 12:34:30,f75410694ae5e850,Pils-Stube Pressetreff,Nuremberg,"Marienstraße 14, 90402 Nürnberg",
78ab49e3-fb19-4cf5-9fb9-6e9ef938c014,MENU,Candidates found but none validated,2026-09-03 12:34:37,c687951db4b22c4f,Brown Sugar,Nuremberg,"Königstorgraben 3, 90402 Nürnberg",https://brownsugarrockcafe.de/
da0217b3-a4bd-40ec-ba51-0bf0fd428b11,WEBSITE,website_status=UNAVAILABLE,2026-09-03 12:34:37,f755c8910b95e2b1,Häfala,Nuremberg,,
e4a0b23a-ca67-4bd8-af26-a4cd5357fa09,WEBSITE,website_status=BLOCKED,2026-09-03 12:34:37,fbab0ddcf278acad,Garage,Nuremberg,"Rennweg 12, 90489 Nürnberg",https://cafe-bar-garage.jimdosite.com/
4600b68c-6342-464f-8d74-78cf66074621,WEBSITE,website_status=UNAVAILABLE,2026-09-03 16:16:02,ad2eb86355fffe13,Die Zwiebel,Nuremberg,"Kirchenstraße 25, 90478 Nürnberg",
03fe9429-2add-4c79-91e1-d72a3145930b,WEBSITE,website_status=UNAVAILABLE,2026-09-03 16:16:06,4b22568330fef2c1,Bierwirtschaft Nordostbahnhof,Nuremberg,Äußere Bayreuther Straße 101,
9bcca712-c4ee-4eaa-ba33-021e8edc3da8,WEBSITE,website_status=UNAVAILABLE,2026-09-03 16:16:09,924953bf21406fd0,Bela Lugosi,Nuremberg,"Marienstraße 25, 90402 Nürnberg",http://www.bela-lugosi.de
587d4313-969c-44d7-b8ca-96f2e148f655,WEBSITE,website_status=UNAVAILABLE,2026-09-03 16:16:09,6d047c0c6183119f,Original Bar,Nuremberg,"Klaragasse 24, 90402 Nürnberg",
bbabdea5-4870-4dcc-adf0-896530856867,MENU,Candidates found but none validated,2026-09-03 16:16:23,6f43325364f50273,Blu Bowl,Nuremberg,"Zeltnerstraße 19, 90443 Nürnberg",https://www.blu-bowl.com/
a16c287f-a981-4312-ad4d-db61ca1721c5,WEBSITE,website_status=UNAVAILABLE,2026-09-03 16:16:23,f998b30a8afa93c3,Guantanamera,Nuremberg,,
994bd1b3-ef30-4967-b2e9-ee916071ad53,WEBSITE,website_status=UNAVAILABLE,2026-09-03 16:16:25,8513e16784a89176,Metropolitan,Nuremberg,,
98210f5f-0d95-48f8-b507-047932d793c0,WEBSITE,website_status=UNAVAILABLE,2026-09-03 16:16:25,9dfd758dbad4ee3f,Sportsbar,Nuremberg,,
368e81af-eb43-4575-8a3e-a59d1daa3af6,WEBSITE,website_status=UNAVAILABLE,2026-09-03 16:16:39,717c15b0cec43464,Salzbrunner's,Nuremberg,"Salzbrunner Straße 11, 90473 Nürnberg",
fbbf5a77-f13b-4a80-9e32-03df3dcffaf7,WEBSITE,website_status=UNAVAILABLE,2026-09-03 16:16:39,c63f0361b0c0d777,Lambada,Nuremberg,,
3d65fd77-6280-495a-98e7-10df288b24b1,WEBSITE,website_status=UNAVAILABLE,2026-09-03 16:16:39,62a384d20fb05446,Bar59,Nuremberg,"Johannesgasse 59, 90402 Nürnberg",
ba129568-4f20-42df-a14f-4c1b214301d0,WEBSITE,website_status=UNAVAILABLE,2026-09-03 16:16:39,a86f192ef52837a0,Poupette,Nuremberg,"Johannesgasse 22, 90402 Nürnberg",
4c2b4b46-b2e0-4aeb-8096-72da1b2695a7,WEBSITE,website_status=UNAVAILABLE,2026-09-03 16:16:39,f485fd31212cc575,Nürnberger Trichter,Nuremberg,"Theatergasse 15, 90402 Nürnberg",
5577b8af-ebf3-4009-8ff3-1b3c15c1585d,WEBSITE,website_status=UNAVAILABLE,2026-09-03 16:16:39,ade1c66a01b794f7,la bas,Nuremberg,"Hallplatz 31, 90402 Nürnberg",
938c326d-064d-4578-9fde-3203836e0390,WEBSITE,website_status=UNAVAILABLE,2026-09-03 16:16:39,c2d0c77f6ab00e5c,Sputnik,Nuremberg,"Hallplatz 29, 90402 Nürnberg",
5f232790-5098-4d12-91cd-e3f89c76dd0d,WEBSITE,website_status=UNAVAILABLE,2026-09-03 16:16:39,12ba17e7fa307c65,Mitte,Nuremberg,,
dbcfb457-8c85-48c0-9c79-107683bba568,MENU,Candidates found but none validated,2026-09-03 16:17:02,36e8801e0ad26224,einfachso,Nuremberg,"Wodanstraße 26, 90402 Nürnberg",https://www.facebook.com/Einfachsonuernberg/
cc8349db-4e49-404c-aaa1-6cfcc1fd3a02,WEBSITE,website_status=UNAVAILABLE,2026-09-03 16:17:02,088c5416b5466512,Mono Bar,Nuremberg,"Klaragasse 13, 90402 Nürnberg",
12d520fb-164d-4fe9-a0aa-f8153c452eac,WEBSITE,website_status=UNAVAILABLE,2026-09-03 16:17:02,68962c5a2a06211e,Haltestelle Hering,Nuremberg,"Klaragasse 11, 90402 Nürnberg",
c0bc1bd2-b772-4f27-85b1-a90e5869c114,WEBSITE,website_status=UNAVAILABLE,2026-09-03 16:17:02,d0da5b41d1dba228,N°14,Nuremberg,"Adlerstraße 14, 90403 Nürnberg",
25fc01e9-b918-4ddf-a796-3b29a63c3c96,WEBSITE,website_status=UNAVAILABLE,2026-09-03 16:17:02,8821f95edb6aa541,Bliss,Nuremberg,"Adlerstraße 14, 90403 Nürnberg",
cf2468d4-ce34-4b6b-9ce4-000f1fb7c7cf,WEBSITE,website_status=UNAVAILABLE,2026-09-03 16:17:02,39fbd9cf4a3e0b1c,Weissbier Hex,Nuremberg,"Jakobstraße 17, 90402 Nürnberg",
1613407e-b274-4cdc-94dc-0e2a0f8c3ca0,WEBSITE,website_status=UNAVAILABLE,2026-09-03 16:17:02,bdfd3a292d7c5691,Pigalle,Nuremberg,"Pfeifergasse 2a, 90402 Nürnberg",
a7da9807-baac-43cd-b565-c7c25fab9873,WEBSITE,website_status=UNAVAILABLE,2026-09-03 16:17:02,93f089b344958e3c,Pintus,Nuremberg,"Ludwigstraße 39, 90402 Nürnberg",
8038711c-968f-48e1-a259-ef734f74fa8c,MENU,Candidates found but none validated,2026-09-03 16:17:15,11fe6a0691b1a141,dieroteBar,Nuremberg,"Peter-Vischer-Straße 3, 90403 Nürnberg",https://dierotebar.net/
48a410fb-c54a-4e19-b251-c36301e70c62,WEBSITE,website_status=UNAVAILABLE,2026-09-03 16:17:41,c4d400c8c27d2e6d,Bucher Eck,Nuremberg,"Bucher Straße 72, 90408 Nürnberg",
0ffb8afc-04ef-49c7-9abc-e4ce7e523baf,WEBSITE,website_status=UNAVAILABLE,2026-09-03 16:17:41,6dde40de6b18397d,Casa del Habano,Nuremberg,,
d29f23ab-1fe6-493a-aa15-efa20f9ff07f,WEBSITE,website_status=UNAVAILABLE,2026-09-03 16:17:41,58f7f8cce6acca60,Bierwerk,Nuremberg,"Unschlittplatz 9, 90403 Nürnberg",https://charakterbierbar.bierwerk-nuernberg.de/
e4b2ea7c-acfb-487d-882d-01e27d8efc8a,WEBSITE,website_status=UNAVAILABLE,2026-09-03 16:17:41,9cd324afcf692b5f,Kilians Irish Pub,Nuremberg,"Hallplatz 21, 90402 Nürnberg",
2c561dd3-69ee-4a7b-9d79-901af8074496,WEBSITE,website_status=UNAVAILABLE,2026-09-03 16:17:41,5b405c658725026e,Der Gostenhofer Dorfschulze,Nuremberg,"Bärenschanzstraße 121, 90429 Nürnberg",
0e56ac27-2836-44de-a89c-1e0ebf4c66bb,WEBSITE,website_status=UNAVAILABLE,2026-09-03 16:17:41,71aa280602727f11,Pontiki,Nuremberg,"Troststraße 1, 90429 Nürnberg",https://pontiki-tropical-cafe-bar.business.site/
256a2812-6f3f-4b2e-b6fa-32288ea6e756,WEBSITE,website_status=UNAVAILABLE,2026-09-03 16:17:41,5b03d465dc631f6e,Kosovo Bar,Nuremberg,,
494f7888-271a-4869-a995-45457d8950cc,WEBSITE,website_status=UNAVAILABLE,2026-09-03 16:17:41,247b22d5a096a073,Bierfäßla,Nuremberg,"Peterstraße 62, 90478 Nürnberg",
561ebfa1-7ec6-4e69-8a8d-8dc314eedacc,WEBSITE,website_status=UNAVAILABLE,2026-09-03 16:17:41,0fede264242230ac,Zoom,Nuremberg,"Fenitzerstraße 12, 90489 Nürnberg",
f217875e-1b2e-4c3e-aa6c-0cfdc5068de8,WEBSITE,website_status=UNAVAILABLE,2026-09-03 16:17:41,42313b6eccf3ddcf,Bert's,Nuremberg,"Wiesenstraße 85, 90459 Nürnberg",
e392bb5d-ca26-4651-b3c8-d8da10bb3d9c,WEBSITE,website_status=UNAVAILABLE,2026-09-03 16:17:48,cc20cc6366061cf2,Schräges Eck,Nuremberg,"Kernstraße 19, 90429 Nürnberg",
3d05984e-9f64-46ae-b413-ffa885658fcd,WEBSITE,website_status=UNAVAILABLE,2026-09-03 16:17:48,1245eac92dd9cdb7,Zum Kutscher,Nuremberg,"Laufamholzstraße 53, 90482 Nürnberg",
9b6a500e-4aa9-40d9-ae21-a283714c0ba0,WEBSITE,website_status=UNAVAILABLE,2026-09-03 16:17:48,3969bbbc500239a8,Pilsstube Bayreuther Hof,Nuremberg,"Äußere Bayreuther Straße 123, 90409 Nürnberg",
5bdee4f5-085c-4e99-aafa-992987f3b618,WEBSITE,website_status=UNAVAILABLE,2026-09-03 16:17:48,53f17b895b2ec7e6,Die unauffindBAR,Nuremberg,"Untere Wörthstraße 7, 90403 Nürnberg",
0c26ccb1-143a-455d-8683-5f8589e48211,WEBSITE,website_status=UNAVAILABLE,2026-09-03 16:17:48,77cd66731e06fd8a,Feuerbach,Nuremberg,"Ludwig-Feuerbach-Straße 85, 90489 Nürnberg",
9dcc4f60-7750-4a2d-9a44-5d25408a751e,WEBSITE,website_status=UNAVAILABLE,2026-09-03 16:17:51,93966bdb60c5955b,Plümecke,Hanover,"Voßstraße 39, 30161 Hannover",
1ce7c7bd-3862-43d9-a7ac-cb1710f8310a,WEBSITE,website_status=UNAVAILABLE,2026-09-03 16:17:51,7736e687b8d0dad0,Clubgaststätte TC Bischofshol,Hanover,,
d9c05dcd-4779-493e-8002-6d408f59a636,WEBSITE,website_status=UNAVAILABLE,2026-09-03 16:18:04,6a44d7f00638e362,Hedonist,Hanover,"Ferdinand-Wallbrecht-Straße 44, 30163 Hannover",
2f09e21a-630e-4dc6-9a9e-8b3be58b2ef9,WEBSITE,website_status=UNAVAILABLE,2026-09-03 16:18:04,86b3f353071bfaac,Acanto,Hanover,"Dragonerstraße 28, 30163 Hannover",
77fde5ad-026e-43e7-90b8-9c0de6799616,WEBSITE,website_status=UNAVAILABLE,2026-09-03 16:18:04,bc8dec293ed9716c,Mylife Makaveli,Hanover,,
fc05f175-dd1e-4b8a-bd48-8b9ff9dd9fb8,WEBSITE,website_status=UNAVAILABLE,2026-09-03 16:18:04,b007fd6ab374c61e,Finesse Lounge,Hanover,,
4e03aad5-0b61-4814-99a2-3adbc1a3e0c2,WEBSITE,website_status=UNAVAILABLE,2026-09-03 16:18:04,6b2497b3b9e328f5,Safrans Bar,Hanover,,
7275e4a7-d82c-44b9-a247-b395f95587ef,MENU,Candidates found but none validated,2026-09-03 16:18:18,3006a6f0dc1ab511,Peanuts,Hanover,"Voßstraße 20, 30161 Hannover",http://www.hannover-peanuts.de/
e3acfc48-d765-4051-93cb-1852cef283a3,WEBSITE,website_status=UNAVAILABLE,2026-09-03 16:18:18,ea1cb5df4007b4a0,Extrakt,Hanover,"Hahnenstraße 3, 30167 Hannover",
4e561a33-c1d3-45aa-bb57-fa531e13304c,WEBSITE,website_status=UNAVAILABLE,2026-09-03 16:18:18,686868d5e029dd0a,Pinte Poing,Hanover,", 30167 Hanover",
350bbe4e-7b5c-4798-9b5b-9780f2358909,MENU,Candidates found but none validated,2026-09-03 16:18:31,421dd3e678953cc6,Was Nun,Hanover,"Am Kleinen Felde 21, 30167 Hannover",https://www.wasnun.com/
b00ec717-96b1-400d-b96c-5c78a75fe443,WEBSITE,website_status=UNAVAILABLE,2026-09-03 16:18:45,77487445ac599a89,Kalah,Hanover,"Velberstraße 5, 30451 Hannover",
22010a04-438c-48fb-b6f0-926f0a7375f3,WEBSITE,website_status=UNAVAILABLE,2026-09-03 16:18:45,441586b08d1c816f,Das Ei,Hanover,,
07e594f6-384c-449c-bca4-1d04c0c1a33c,WEBSITE,website_status=UNAVAILABLE,2026-09-03 16:18:45,141430dcf8d21ce8,The Irish Pub,Hanover,"Brüderstraße 4,  Hannover",http://www.irishpub-hannover.de/
7fb1d4ed-cfff-4e41-9132-0ed878e7c268,WEBSITE,website_status=UNAVAILABLE,2026-09-03 16:18:50,7b5a2bf849854db1,Pestalozzi-Klause,Hanover,,
e59c86af-bb29-4f0c-9b02-163a872970c1,WEBSITE,website_status=UNAVAILABLE,2026-09-03 16:19:04,ba8ea4a0aff4e8dc,Vereinsgaststätte TuS Kleefeld,Hanover,"Kleestraße 50, 30625 Hannover",
b874712e-bbd6-4817-939d-9ebb16600758,WEBSITE,website_status=UNAVAILABLE,2026-09-03 16:19:04,72e32118e48d73e7,Edenstube,Hanover,,
2c566237-5ca9-47e3-8af2-947683b621d7,WEBSITE,website_status=UNAVAILABLE,2026-09-03 16:19:27,3fa1a887eb5e8d84,Ramberg Eck,Hanover,,
8b260783-7d2c-41d6-846b-94f49fd54827,MENU,Candidates found but none validated,2026-09-03 16:20:20,fac1e14daa986636,Hamburger Botschaft,Hanover,"Egestorffstraße 5, 30449 Hannover",https://hamburgerbotschaft.de/
56098251-6931-43cd-a3cd-4bfbdec25fae,WEBSITE,website_status=UNAVAILABLE,2026-09-03 16:20:20,e3edc5af4464df3f,Fiedel,Hanover,,
96355e5a-b56a-4354-b3ae-5ffec52d5bd4,WEBSITE,website_status=UNAVAILABLE,2026-09-03 20:13:53,5af8f9ab671e0276,Spektakel,Hanover,,
fd05f1eb-855d-428e-8410-1f9c2274d0a9,WEBSITE,website_status=UNAVAILABLE,2026-09-03 20:13:54,8286285c2672ba3b,Südstädter Treppchen,Hanover,"Heinrich-Heine-Straße 10, 30173 Hannover",
338e9ff0-05c3-413d-b230-318005854a26,WEBSITE,website_status=UNAVAILABLE,2026-09-03 20:13:54,25f04ab93acdab3e,Floris Bar,Hanover,"Hildesheimer Straße 115, 30173 Hannover",https://www.floris-bar.de/
f0913492-2a0f-4210-a393-b2f98084daed,WEBSITE,website_status=UNAVAILABLE,2026-09-03 20:14:07,482eb5186d563c8f,Mega Star Bistro,Hanover,,
517633c5-24ed-4716-8199-ad7589a53205,WEBSITE,website_status=UNAVAILABLE,2026-09-03 20:14:08,58d7beaee145543f,Stadtweg Stübchen,Hanover,"Pfarrstraße 46, 30459 Hannover",
040b3c05-48aa-4472-b61d-24d213bda035,WEBSITE,website_status=UNAVAILABLE,2026-09-03 20:14:09,b481fbdeb8d0782a,Mendelssohn Stübchen,Hanover,"Mendelssohnstraße 56, 30173 Hannover",
6c21c256-4d9c-45e6-9db9-c7ffd1520a4a,WEBSITE,website_status=UNAVAILABLE,2026-09-03 20:14:09,4aaabc0b2e91c89c,Das kleine Fiasko,Hanover,"Wilhelm-Bluhm-Straße 25, 30451 Hannover",
c1bf9f1f-4129-47f6-a152-79e3dcc734a8,WEBSITE,website_status=UNAVAILABLE,2026-09-03 20:14:09,5bdca7cee8b59118,Stubenwechsel,Hanover,"Kötnerholzweg 30, 30451 Hannover",
d8633bc2-f0af-4a21-9144-5e8131c2b9dc,WEBSITE,website_status=UNAVAILABLE,2026-09-03 20:14:09,84c5279cf10064bb,Kawa The Hut,Hanover,"Stärkestraße 26, 30451 Hannover",
5b0ec908-14a1-407f-b017-f33130b42d36,WEBSITE,website_status=UNAVAILABLE,2026-09-03 20:14:09,e9939a99f33ca81d,Notre Dame,Hanover,"Offensteinstraße 1, 30451 Hannover",
b81d7015-26c4-4811-8cba-b17628b14db0,WEBSITE,website_status=UNAVAILABLE,2026-09-03 20:14:09,879949680766fc42,Efes Pub,Hanover,"Goethestraße 6c, 30169 Hannover",
43f21e12-6ce8-4df8-970c-18975f3acf59,WEBSITE,website_status=UNAVAILABLE,2026-09-03 20:14:47,d53a83a28eda996a,Santana,Hanover,"Rehbockstraße 38, 30167 Hannover",http://www.santana-hannover.de/
774185a8-e289-4771-97f7-a11bdc18af21,WEBSITE,website_status=UNAVAILABLE,2026-09-03 20:14:47,123e2cd30a26e53d,Alem,Hanover,"Königstraße 7, 30175 Hannover",
31d729c8-b2e5-49f9-a324-807d4589c65d,WEBSITE,website_status=UNAVAILABLE,2026-09-03 20:14:47,055a5aaec88ce526,Meineid,Hanover,,
dee92c7d-2390-4932-9c54-f9442fd87556,WEBSITE,website_status=UNAVAILABLE,2026-09-03 20:14:47,136da1209799e82b,Prost,Hanover,,
29a10567-ce40-4dc4-a45a-0b41f501d2bc,WEBSITE,website_status=UNAVAILABLE,2026-09-03 20:14:47,c0a4e5c5e630d3d2,Zapfhahn,Hanover,,
ace7fe72-b08c-429f-bbfc-a5f2e698ab03,WEBSITE,website_status=UNAVAILABLE,2026-09-03 20:14:47,e21e0c38d51a751d,Chiko's Bar,Hanover,,
0aaba837-3cf1-422c-8762-6d2f9edddbc3,WEBSITE,website_status=UNAVAILABLE,2026-09-03 20:14:47,27b224cb62d9590d,Heaven,Hanover,,
2ea6e0dc-3275-4b3c-85a5-43b3c978c9bd,WEBSITE,website_status=UNAVAILABLE,2026-09-03 20:14:47,949a64174f77dd3e,CLASSICO,Hanover,,
9bac4b4c-562f-43a8-b868-9f9e0f0f6c4f,WEBSITE,website_status=UNAVAILABLE,2026-09-03 20:14:47,b1890d31e56c33cc,La Boheme,Hanover,"Groß-Buchholzer Kirchweg 71, 30655 Hannover",
78ae5c3a-0b94-419d-aec9-09d7b30b1c60,WEBSITE,website_status=UNAVAILABLE,2026-09-03 20:14:47,ceb8cbce6e212ed4,Schildbürger (96-Spiele live),Hanover,,
b4d2c803-b647-4019-95ad-9cdf04a446a7,MENU,Candidates found but none validated,2026-09-03 20:15:18,c2828bba50b758c3,Tango Milieu,Hanover,,https://www.tango-milieu.de/
54903e32-d6f2-4f9b-80f3-f84144d4e6a2,WEBSITE,website_status=UNAVAILABLE,2026-09-03 20:15:18,2791f2e7e6de9022,Stephanseck,Hanover,,
5d3ea903-7d93-439c-8d72-341fb3459631,WEBSITE,website_status=UNAVAILABLE,2026-09-03 20:15:18,a6234b8596e55ee4,Burgklause,Hanover,"Burgstraße 11, 30159 Hanover",
8a2d6124-d250-4014-9358-335e0f53238f,WEBSITE,website_status=UNAVAILABLE,2026-09-03 20:15:18,f0cb3052913febd8,SoundShake,Hanover,"Escherstraße 11, 30159 Hannover",
f6c871d1-cf86-4ce3-a4a7-4553d99125e2,WEBSITE,website_status=UNAVAILABLE,2026-09-03 20:15:18,ac0d720e064e2a60,Lieb ich 5,Hanover,"Liebigstraße 5, 30163 Hannover",
762956aa-ad65-40ca-ba17-c8d4e5fe6e73,MENU,Candidates found but none validated,2026-09-03 20:15:35,a6253c5a80b4263c,Hausbrauerei Feierling,Freiburg,"Gerberau 46, 79098 Freiburg im Breisgau",http://www.feierling.de/
d39185fc-8c66-4733-8189-e9c873bb2f01,WEBSITE,website_status=UNAVAILABLE,2026-09-03 20:15:50,e64e8e97e98c7fd0,Alter Simon,Freiburg,"Konviktstraße 43, 79098 Freiburg",http://www.altersimon.de
d1bff212-d021-4870-aa2a-d8a9e3b73be7,MENU,Candidates found but none validated,2026-09-03 20:16:02,28a4a1117068b06e,Juri's Cocktail & Wine Bar,Freiburg,"Schwabentorplatz 7, 79098 Freiburg im Breisgau",http://www.juris-bar.de/
2b7318b4-c68e-44ca-8507-93e627b78d71,WEBSITE,website_status=UNAVAILABLE,2026-09-03 20:16:16,e1eb1bab15b62fe0,Litfass,Freiburg,Moltkestraße 17,https://litfass-freiburg.jimdo.com/
aab80940-9b6a-4fb0-bc67-e56d9a7ef14e,WEBSITE,website_status=UNAVAILABLE,2026-09-03 20:16:16,ebf6c167ee5ac77c,Come Inn,Freiburg,"Belfortstraße 31, 79098 Freiburg",
f387efae-dc68-4ea8-808d-6f0509dfd920,MENU,No menu-like links found on site,2026-09-03 20:16:31,6c57ba0c7fb6a09d,Woods,Freiburg,"Wilhelmstraße 7, 79098 Freiburg im Breisgau",https://woods-coctailhookah.eatbu.com/
2f131325-a70c-43f6-8489-c1711fe05404,WEBSITE,website_status=UNAVAILABLE,2026-09-03 20:16:31,dca07fc629cfd77a,Sedan Eck,Freiburg,,
84051a20-ffab-4ce8-a868-6112f4b7ee1e,WEBSITE,website_status=UNAVAILABLE,2026-09-03 20:16:31,8b32a7e390de1e5e,Cohibar,Freiburg,", 79098 Freiburg",
632300df-13f5-459d-a0b3-cd6f1f72addd,MENU,Candidates found but none validated,2026-09-03 20:16:54,207a17ac47af34d4,McNamara's Irish Pub,Freiburg,"Waldkircher Straße 1, 79106 Freiburg im Breisgau",https://www.mcnamaras.de/
aa9e0612-350e-429d-955f-14b5b430c45e,WEBSITE,website_status=UNAVAILABLE,2026-09-03 20:16:54,bdbc358de51c425a,Flamingo,Freiburg,"Schützenallee 1, 79102 Freiburg im Breisgau",https://www.flamingo-freiburg.com/
290648a2-6109-4877-aa18-ceeda79d4033,MENU,Candidates found but none validated,2026-09-03 20:17:01,c9526d16979b536e,Atlantik,Freiburg,"Schwabentorring 7, 79098 Freiburg im Breisgau",https://www.cafe-atlantik.de/
2d1ab1e3-1f14-49b9-a271-03b022cdd6b2,WEBSITE,website_status=UNAVAILABLE,2026-09-03 20:17:01,f1abb0ff390d6dc2,Kneipe zum Urigen,Freiburg,"Johann-von-Weerth-Straße 19, 79100 Freiburg im Breisgau",
9c0066f1-5428-46d6-a8b1-22c1c62e88e0,MENU,Low confidence (0.4),2026-09-03 20:18:01,d03dc1b3ab19d7f8,Gorilla Bar,Münster,"Jüdefelderstraße 54, 48143 Münster",https://www.gorilla-bar.de/
74323a05-c246-48af-a47a-2b983314abf9,WEBSITE,website_status=UNAVAILABLE,2026-09-03 20:18:16,dacb59b25ab2afe6,Rote Liebe,Münster,"Kreuzstraße 14, 48143 Münster",
bd898c3c-a0c0-4eaa-980b-0cbbd652144a,MENU,Candidates found but none validated,2026-09-03 20:18:19,c1f11d92896fa34a,Buddenturm,Münster,"Buddenstraße 1, 48143 Münster",http://www.buddenturm.de
052d267d-3fdb-4551-834b-95baf6ecced3,WEBSITE,website_status=UNAVAILABLE,2026-09-03 20:18:22,fd4aa296dd352c3b,Davidwache,Münster,"Münzstraße 49, 48143 Münster",http://www.davidwache-muenster.de/davidwache/
f83fbb71-e19e-4b2e-aafd-42b0e02de707,MENU,Candidates found but none validated,2026-09-03 20:18:35,c8b8fa9ee84dbc75,Das Piano,Münster,"Frauenstraße 46, 48143 Münster",https://www.pianobar-muenster.de/
a9415e56-1287-4be3-a54e-0af55352a42e,WEBSITE,website_status=UNAVAILABLE,2026-09-03 20:19:14,f10b8e8b53f623e1,Bar Zillus,Münster,"Jüdefelderstraße 41, 48143 Münster",http://www.studentenpilot.de/studentenleben/kneipen/p02000a/bar-zillus_muenster_374.htm
cd2ee25f-654f-4d25-b76e-da001de95f03,WEBSITE,website_status=UNAVAILABLE,2026-09-03 20:19:14,e4d3524d598de884,Peacock,Münster,"Jüdefelderstraße 36, 48143 Münster",https://www.peacock-muenster.de/
c4da2cb8-38f8-4cd5-9cc8-568efed079f0,MENU,Candidates found but none validated,2026-09-03 20:19:33,69247c742869bc37,Bullenkopp,Münster,"Alter Fischmarkt 24, 48143 Münster",http://www.bullenkopp.com/
edb608a2-0f6d-40b1-b971-f7caa913bade,MENU,Candidates found but none validated,2026-09-03 20:20:04,f1d6105cc7c1e37d,Sterneck,Münster,"Sternstraße 44, 48145 Münster",http://www.sterneck-muenster.de
726ea505-5207-4086-a995-476208fe84e5,WEBSITE,website_status=UNAVAILABLE,2026-09-03 20:20:04,a190aadbbfc504f0,Kaleido-Bar,Münster,,
74d13afc-00dd-4ca8-96dd-56d0a1c2d886,WEBSITE,website_status=UNAVAILABLE,2026-09-03 20:20:04,7d4bb9a0c53e0095,Club Palma,Münster,,
6627931a-e03b-4c47-99f8-aaacfcbacf75,WEBSITE,website_status=UNAVAILABLE,2026-09-03 20:20:14,1d0bc0bd176391d3,Pinkulus,Münster,"Rosenplatz 6, 48143 Münster",https://pinkulus.de/
7aa6d6a9-fbd3-4df5-826e-d4883231e494,MENU,Candidates found but none validated,2026-09-03 20:20:27,85e6adcf92e949e0,Tresor,Bonn,"Wolfstraße 11, 53111 Bonn",https://www.tresor-bonn.de/
45b29695-5159-422d-8386-4cdb7c8fb880,MENU,Candidates found but none validated,2026-09-03 20:20:45,45c4e1e742c2c45c,John Barleycorn,Bonn,"Heerstraße 52, 53111 Bonn",https://johnbarleycorn.de/
cc180f27-9867-470a-a8f8-30ed3528962e,WEBSITE,website_status=UNAVAILABLE,2026-09-03 20:20:45,ab4f795effd79ddb,Rheinlust,Bonn,"Rheinaustraße 134, 53225 Bonn",
a563a531-f9fc-470c-b96f-4b3b628b04f7,WEBSITE,website_status=UNAVAILABLE,2026-09-03 20:20:45,62d0376fece8b41e,Fiddlers,Bonn,"Frongasse 9, 53121 Bonn",
8d3bb03d-92dd-43a0-ae63-044ab05799c2,WEBSITE,website_status=UNAVAILABLE,2026-09-03 20:21:13,9710e5801f8870a6,James Joyce Irish Pub,Bonn,"Mauspfad 6-10, 53111 Bonn",
603310c6-1582-4fb9-bb57-b0c246dc4040,MENU,Candidates found but none validated,2026-09-03 20:21:39,8e836288d85ac632,Das Nyx,Bonn,"Vorgebirgsstraße 19, 53111 Bonn",https://das-nyx.de
52eb4b4e-9b94-478c-aa53-4c415a9470ec,MENU,Low confidence (0.47),2026-09-03 20:21:58,73bf68308d0cd77c,Die Wache,Bonn,"Heerstraße 145, 53111 Bonn",http://www.die-wache.com/
7dedb125-e219-4218-ac57-dab44bb4685a,WEBSITE,website_status=UNAVAILABLE,2026-09-03 20:21:58,8264b0ac71ea9c12,Ratata,Bonn,"Röckumstraße 9, 53121 Bonn",
e0164b29-398d-4d79-a565-076d936f587f,WEBSITE,website_status=UNAVAILABLE,2026-09-03 20:21:58,228b954ebcfd66df,Salönchen,Bonn,"Quantiusstraße 19, 53115 Bonn",
412e90cb-2437-429c-8961-176cc2fa0d00,MENU,Low confidence (0.4),2026-09-03 20:22:23,c0642fdeef64ce75,The Quiet Man,Bonn,"Heerstraße 121, 53111 Bonn",http://the-quiet-man.com/
c6620745-6b73-40cb-98f1-1adc04d2fb87,WEBSITE,website_status=UNAVAILABLE,2026-09-03 20:22:23,0d85a097264e5a8e,Moby's,Bonn,"Dorotheenstraße 2, 53111 Bonn",
2b3efb8d-352d-4ada-bb9a-6e5acbe48c30,MENU,Candidates found but none validated,2026-09-03 20:22:37,393eefafed3c67c9,Zone,Bonn,"Maxstraße 2a, 53111 Bonn",https://www.zone-bonn.de/
577d9edf-b431-47d3-8b03-97f3c06ec38a,WEBSITE,website_status=UNAVAILABLE,2026-09-03 20:22:37,0084347c78dcc47b,Südstadt Affe,Bonn,"Kaiserstraße 135, 53113 Bonn",
f3b9a6af-c8d8-44fc-b4d7-b23ccb23317f,WEBSITE,website_status=UNAVAILABLE,2026-09-04 00:21:48,4adbc605d1bdbfc0,Che Guevara,Bonn,"Münsterstraße 9, 53111 Bonn",
a4312e9f-2620-421b-aa38-ff25d09bc567,WEBSITE,website_status=UNAVAILABLE,2026-09-04 00:21:49,7682a83de1319e5b,Caponniere,Mainz,"Taunusstraße 44, 55118 Mainz",
54b8131d-1f69-4e97-b5ef-69acd6a5e051,MENU,Candidates found but none validated,2026-09-04 00:22:02,be98c52d79d136ca,Eisgrub-Bräu,Mainz,", 55116 Mainz",https://www.eisgrub.de/
3a03f394-d900-48ba-bfb5-92837d3c3aa6,MENU,Candidates found but none validated,2026-09-04 00:22:29,4af61e2531169088,Hafeneck,Mainz,"Frauenlobstraße 93, 55118 Mainz",https://www.hafeneck.de
b4cb46e0-a6e2-41fa-bc21-7cbebe22980a,MENU,Candidates found but none validated,2026-09-04 00:22:43,ffcbf859ec664fcb,Schroeder's,Mainz,"Illstraße 14, 55118 Mainz",https://www.schroedersmainz.de/
bfec9e33-0500-4196-8c02-45e86f3262e0,WEBSITE,website_status=UNAVAILABLE,2026-09-04 00:22:44,65cccd716853a2a6,August,Mainz,"Leichhofstraße 14, 55116 Mainz",https://august-mainz.de/
cd77d73f-f9da-4e89-bcc8-317bf1355302,WEBSITE,website_status=BLOCKED,2026-09-04 00:22:44,8a8a0618d073a6d1,Quartier Mayence,Mainz,"Weihergarten 12, 55116 Mainz",https://www.quartiermayence-bar.de/
eca638d2-241e-47dc-a035-725da103f497,MENU,Candidates found but none validated,2026-09-04 00:22:58,264eee9ef91d2a2c,Baron,Mainz,"Johann-Joachim-Becher-Weg 3, 55128 Mainz",https://www.baron-mainz.de/
8a3e88fd-ad65-4f07-b2cc-87bb3ce2beec,WEBSITE,website_status=UNAVAILABLE,2026-09-04 00:22:58,70b3197f24ba3299,Teilchen und Beschleuniger,Mainz,"Gartenfeldstraße 22, 55118 Mainz",https://www.tubmainz.de
381ba93e-1c88-4ca3-a514-1edc23daaca8,WEBSITE,website_status=UNAVAILABLE,2026-09-04 00:22:58,3e6126a5b9af8fff,Domsgickel,Mainz,,
fb1dfdbe-a658-4a11-9991-8fe5b29ba1d5,WEBSITE,website_status=UNAVAILABLE,2026-09-04 00:23:19,604ff1e8c581605d,Weinhaus Zum Spiegel,Mainz,", 55116 Mainz",
42e4ed57-2a90-4671-bed6-5d279be6f0b9,MENU,Candidates found but none validated,2026-09-04 00:23:32,afd7b678593704d1,Weinhaus Wilhelmi,Mainz,,http://www.weinhaus-wilhelmi.de/
c07e3887-19d5-4934-a0c6-8959f3be51c0,WEBSITE,website_status=UNAVAILABLE,2026-09-04 00:23:48,2e551cc634b43118,Eva's Pils-Stuben,Mainz,"Budenheimer Straße 29, 55124 Mainz",
86d00e04-9a75-4240-bf6d-a04d2181d0b9,WEBSITE,website_status=UNAVAILABLE,2026-09-04 00:23:48,de9a9d79e43c561f,Spalato,Karlsruhe,,
9e576658-7e4c-4629-a824-b5218e61e123,MENU,Candidates found but none validated,2026-09-04 00:23:54,98672589f0a7414a,An Sibin,Karlsruhe,"Amalienstraße 32a, 76133 Karlsruhe",https://ansibinkarlsruhe.de/
5101f391-c615-4f02-9b8b-e717ad1eb9c9,MENU,Candidates found but none validated,2026-09-04 00:24:07,82b75ef24cd17e7d,Umpolen im Löwenbräukeller,Karlsruhe,"Sophienstraße 95, 76135 Karlsruhe",https://umpolen.neocities.org
b3da0177-ae5e-4f44-8c82-ba0186b956c8,MENU,Candidates found but none validated,2026-09-04 00:24:17,e107c2765e21e86c,Die Pinte,Karlsruhe,"Leopoldstraße 15, 76133 Karlsruhe",https://diepinte-karlsruhe.de/
65f019da-3586-43ab-af58-0e6188a00d96,WEBSITE,website_status=UNAVAILABLE,2026-09-04 00:24:23,8bf3e3988a9f3c84,IUNO,Karlsruhe,"Werderstraße 49, 76137 Karlsruhe",
efea8ac1-c42d-477f-8ffa-711a179e6c9d,MENU,Candidates found but none validated,2026-09-04 00:24:36,4f7abc4c55d6f6be,Bierhäusle,Karlsruhe,,http://www.bierhaeusle-rueppurr.de
61e83ee5-8b2e-435a-aafa-d8c1315aecae,WEBSITE,website_status=UNAVAILABLE,2026-09-04 00:24:36,761d0808daa52f1b,Petticoat,Karlsruhe,,
6870440d-0bae-48b2-adc3-643be73bc460,WEBSITE,website_status=UNAVAILABLE,2026-09-04 00:24:36,263dbff698e81280,Napoleon,Karlsruhe,"Kreuzstraße, 76133 Karlsruhe",
3ab56a82-88af-4854-8c54-7e2d49538bc2,WEBSITE,website_status=UNAVAILABLE,2026-09-04 00:24:36,536487aa00a4303d,Le Journal,Karlsruhe,"Karlstraße 46a, 76133 Karlsruhe",
2a5eadad-63a4-4b9a-b53f-9b55c6992bb0,WEBSITE,website_status=UNAVAILABLE,2026-09-04 00:24:41,fe125ce13e67d4e7,Taverne,Karlsruhe,,
6e8f0440-528e-448c-a217-6c99763e77bd,WEBSITE,website_status=UNAVAILABLE,2026-09-04 00:24:41,3bd1a38135975eed,L6,Karlsruhe,"Lameystraße 6, 76185 Karlsruhe",
6dd83460-04ea-40ab-939b-ed15a05102cc,WEBSITE,website_status=UNAVAILABLE,2026-09-04 00:24:41,d56e77227c922c76,Bierakademie,Karlsruhe,,
6b8575f3-3937-40ff-aa38-baaf93996031,MENU,Candidates found but none validated,2026-09-04 00:24:54,fa6f1896ba8f2109,Studentenzentrum Z10 e.V.,Karlsruhe,"Zähringerstraße 10, 76131 Karlsruhe",https://z10.info/
a0ad6a9b-6cda-41fd-bae8-d2e4a67a75e9,WEBSITE,website_status=UNAVAILABLE,2026-09-04 00:24:54,57e51ac75acf0cd1,Zur Neckarpfalz,Heidelberg,,
0c68e220-f7b2-46ef-81cc-2b4ad5b63e5c,WEBSITE,website_status=UNAVAILABLE,2026-09-04 00:24:54,22b1db7287a45227,schlawinski,Heidelberg,,
6b346f29-0088-4ab7-b466-1ab60f5f3131,WEBSITE,website_status=UNAVAILABLE,2026-09-04 00:24:54,4b2c312ebe55e7a3,Pilsbar Dorian,Heidelberg,,
303626e2-4fce-48f6-a320-a2c34c7f30a4,WEBSITE,website_status=UNAVAILABLE,2026-09-04 00:24:55,d7ab67090a1b63bc,Cafè Bistro Goodfellas,Heidelberg,"Bahnhofstraße 15, 69115 Heidelberg",https://www.bistro-goodfellas.de/l/index.html
b903f650-5211-452b-93d6-7fb5da9f29a5,MENU,Candidates found but none validated,2026-09-04 00:25:08,2eff1103449c51f2,Vetter Alt-Heidelberger Brauhaus,Heidelberg,,https://www.brauhaus-vetter.de
b6158c70-0cb6-4946-a4af-2b6d85a4d2e1,WEBSITE,website_status=UNAVAILABLE,2026-09-04 00:25:08,847d1897ebc9680b,Canoa Bar,Heidelberg,"Neuenheimer Landstraße 5, 69120 Heidelberg",
aa68dc49-a85c-42ef-85ea-38f8c3efd490,MENU,Candidates found but none validated,2026-09-04 00:25:55,ea6af31be31b1ce9,Maxbar,Heidelberg,"Marktplatz 5, 69117 Heidelberg",http://www.max-bar-heidelberg.de
089e2db9-8e99-432f-bf4c-dcb5d4d48ef3,WEBSITE,website_status=UNAVAILABLE,2026-09-04 00:25:55,ec8f34ad39479770,Domingo Pub,Heidelberg,"Hegenichstraße 4, 69124 Heidelberg",
2e34886a-d4c1-4886-813e-fcd9efa2e67c,WEBSITE,website_status=UNAVAILABLE,2026-09-04 00:25:55,ca6827736fe7abc7,Himmelswiese,Heidelberg,"Marktstraße 71, 69123 Heidelberg",
75c238a1-9c64-4fa2-831e-3df2cd0d1d59,WEBSITE,website_status=UNAVAILABLE,2026-09-04 00:26:02,0840f21c4291ecf7,Karl,Heidelberg,"Lauerstraße 7-9, 69117 Heidelberg",https://www.k-a-r-l.de/
a91cde03-2228-49e8-8031-90c9f49cf72a,WEBSITE,website_status=UNAVAILABLE,2026-09-04 00:26:11,08e41d54f89a40bd,Kleiner Mohr,Heidelberg,"Untere Straße 7, 69117 Heidelberg",https://www.der-mohr.com/index.php/kleiner-mohr
786ce0d0-896c-4135-a08f-11e2a5a3e981,WEBSITE,website_status=UNAVAILABLE,2026-09-04 00:26:11,a1e12045ac1c74e9,Im Holze,Bremen,,
fcd27d91-2981-4d42-a6c5-4c3201e69bd1,WEBSITE,website_status=UNAVAILABLE,2026-09-04 00:26:11,c9f39b4722d12000,Zum Löschbrunnen,Bremen,,
cf3c5a07-2b52-4df8-a565-6a4e546cbc4b,WEBSITE,website_status=UNAVAILABLE,2026-09-04 00:26:11,1be9a42f96aad7a1,Mickey Maus,Bremen,,
c17d09c7-3af1-4cdd-80cf-e1423ef03af1,WEBSITE,website_status=UNAVAILABLE,2026-09-04 00:26:11,c9c0680d7e3f19a7,Flyover,Bremen,,
4956a604-5e3e-44be-9e51-81b28e48ac9f,WEBSITE,website_status=UNAVAILABLE,2026-09-04 00:26:11,a72b3c8f435c3d76,Sebaldsbrücker Eck,Bremen,,
d2362bc6-c5f7-442b-90d4-637577b61fc1,WEBSITE,website_status=UNAVAILABLE,2026-09-04 00:26:11,322cd6f70b62b58c,Kiepenkerl,Bremen,,
08ae690b-772e-447d-b1e4-2b9e0c31d80c,WEBSITE,website_status=UNAVAILABLE,2026-09-04 00:26:11,329bc2fb3f690b80,Zum Bier Cup,Bremen,,
4606fa06-1938-405f-9443-866b98bf8c3e,WEBSITE,website_status=UNAVAILABLE,2026-09-04 00:26:12,0d9300b787058b34,Vahrer Eck,Bremen,,
e111f86e-1df6-4000-a37b-f848fc5732cf,WEBSITE,website_status=UNAVAILABLE,2026-09-04 00:26:12,6292d2c6374da041,Zum Biber,Bremen,,
79654261-3c4e-4a03-8f82-aa25530c7716,WEBSITE,website_status=UNAVAILABLE,2026-09-04 00:26:12,32ca4260496bda54,Eisenbahner-Sport-Verein eV (ESV-Sebaldsbrück) Gaststätte,Bremen,,
1b333701-8d51-474b-a3a3-3508c2f8a34c,WEBSITE,website_status=UNAVAILABLE,2026-09-04 00:26:12,c107d70a8d19b78f,Bei Tom,Bremen,"Osterholzer Landstraße 36, 28327 Bremen",
fcd52616-f1b1-45f5-9dec-d01fd7b20951,WEBSITE,website_status=UNAVAILABLE,2026-09-04 00:26:12,c73b7c497a89c3b9,Dezza,Bremen,,
d540ca1b-f02c-4c7f-a22f-417ded09c2f5,WEBSITE,website_status=UNAVAILABLE,2026-09-04 00:26:12,33b17b634833fcdf,Fährhaus,Bremen,"Am Vegesacker Hafen 14,  Bremen",http://www.faehrhaus.com/
f601d606-6d99-4ec5-8507-7ae24228f778,WEBSITE,website_status=UNAVAILABLE,2026-09-04 00:26:12,a5e59a344a35063a,Biersaloon,Bremen,,
e2ea72bd-ad74-415f-8c31-0cb94a49cfd6,WEBSITE,website_status=UNAVAILABLE,2026-09-04 00:26:12,1fbe909f688f9dd7,Im Schevemoor,Bremen,,
19cdce17-c8a8-4d7e-be7c-84b77a4beeac,WEBSITE,website_status=UNAVAILABLE,2026-09-04 00:26:12,6aa92daaed00c6cc,Zum Wellsee,Kiel,,
42ee5673-95ad-4df8-88ce-123c11f3780a,WEBSITE,website_status=UNAVAILABLE,2026-09-04 00:26:12,5188b96745238e66,Heinrich Bar,Kiel,,
bdc5728e-064c-4e52-bd16-64cbd7e54bc1,MENU,Candidates found but none validated,2026-09-04 00:26:52,c3641a5303c56017,Zum frechen Dachs,Kiel,"Waitzstraße 91, 24118 Kiel",http://www.zumfrechendachs.de/
03e19890-b014-44f3-a781-d82420b63a16,MENU,Candidates found but none validated,2026-09-04 00:27:05,52b478483ef2dc03,Unrat,Kiel,"Spichernstraße 2, 24116 Kiel",https://unrat-kiel.de/
e2587e32-0ae8-4257-9ce9-3c6a9cbfa0e8,MENU,Low confidence (0.4),2026-09-04 00:27:20,a10be5c028ce700b,Pumpe,Kiel,"Haßstraße 22, 24103 Kiel",https://www.diepumpe.de
98e4706f-c895-47f2-8df5-4a5f2db8ea8b,WEBSITE,website_status=UNAVAILABLE,2026-09-04 00:27:20,33a5db5a94e03901,Studius,Kiel,,
52a7c428-f3d1-4b05-962d-b735928ef8b6,WEBSITE,website_status=UNAVAILABLE,2026-09-04 00:27:20,f242eade453738d3,Zum Ivensring,Kiel,"Ivensring 27, 24149 Kiel",
037f6a41-d3ec-4c74-bd46-785cc1df1da3,WEBSITE,website_status=UNAVAILABLE,2026-09-04 00:27:20,41e9e76232706c4a,Blücher,Kiel,"Esmarchstraße 44, 24105 Kiel",
f6961485-f013-4042-a617-293cfbf6384a,WEBSITE,website_status=UNAVAILABLE,2026-09-04 00:27:55,98d5740201a8e8bc,Lammer's Eck,Kiel,,
5fe1ae8d-a4c9-4513-bd5b-c0788fd2c66e,MENU,Candidates found but none validated,2026-09-04 00:28:27,031dbc0b5614d505,Hansa 48,Kiel,"Hansastraße 48, 24118 Kiel",https://hansa48.de/kneipe/
43f0d048-3f11-4cc2-9fbb-09d6b21357f2,WEBSITE,website_status=UNAVAILABLE,2026-09-04 00:28:27,a55896e867fe5ccb,Kyle's Bar,Kiel,"Bergstraße 17a, 24103 Kiel",
74d626f5-8dfe-4906-915a-a696dbaa2f11,WEBSITE,website_status=UNAVAILABLE,2026-09-04 00:28:27,412863f7bc09bccc,Murphy's Irish Pub,Kiel,Kaistraße 54-56,
9d9f6c84-bcd0-46d6-bc9f-c29f404cc6d8,WEBSITE,website_status=UNAVAILABLE,2026-09-04 04:15:20,52bba69341a1d2ee,Bit am Hansemann,Aachen,,
c416e93e-7e54-4278-a3a1-1805e3bbd984,MENU,Candidates found but none validated,2026-09-04 04:15:47,2fbd95f54d618bd0,Kuckucksnest,Aachen,,https://www.kuckucksnestaachen.de/
ac34456e-4926-4acd-a43b-93707f6fc77b,WEBSITE,website_status=UNAVAILABLE,2026-09-04 04:15:47,2e8e6b76e974033b,Zum Dorfkrug,Aachen,"Lemierser Berg 40, 52074 Aachen",
27472ed6-cb72-49cc-b157-572ade94164d,WEBSITE,website_status=UNAVAILABLE,2026-09-04 04:15:48,6327aebb43018d47,Zum Treffpunkt,Aachen,,
915f8bdb-96e3-4981-8499-f21ac5fb9ec7,WEBSITE,website_status=UNAVAILABLE,2026-09-04 04:15:49,943da9769b92c4c9,Zeppelin Eck,Aachen,"Zeppelinstraße 58A, 52068 Aachen",
a0c3d985-d9f7-40fc-907b-4e99097eefb6,WEBSITE,website_status=UNAVAILABLE,2026-09-04 04:16:08,cf934eec1636f1ad,Hansemann-Schänke,Aachen,,
fb05aaf4-36b9-4573-bb93-ee9e211f6cdf,MENU,Candidates found but none validated,2026-09-04 04:16:21,226e686532ae649a,Dorfstübchen,Aachen,"Dorfstraße 10, 52076 Aachen",https://www.schuetzenbruderschaft-hahn.de/index.htm?dorfstuebchen.htm
7db0272d-d204-443a-9b78-9d42d06e0240,WEBSITE,website_status=UNAVAILABLE,2026-09-04 04:16:21,7ec0e47149043085,City Pub,Aachen,,
9da647c0-14fb-4be1-a1a7-6313d5d02561,MENU,Candidates found but none validated,2026-09-04 04:16:43,5f9a2870b60a3ceb,Die Mühle,Aachen,"Mattschö-Moll-Weg 17, 52064 Aachen",https://www.mmweg.rwth-aachen.de/ags/muehle/
59ee4f31-e1e0-499b-bcbd-0d6695488427,WEBSITE,website_status=UNAVAILABLE,2026-09-04 04:16:44,7d76e3af7ff7f865,KaWo Bar,Aachen,,https://www.kawo1.rwth-aachen.de/~bar/
1d4bdbd3-e9a2-4be0-bb4f-974a3459c514,MENU,Candidates found but none validated,2026-09-04 04:17:15,ef179d1b9288af24,Hotel Europa,Aachen,,http://deinhoteleuropa.de/
6c9d6c62-e426-43bc-84fc-9be0d83d1ac6,WEBSITE,website_status=UNAVAILABLE,2026-09-04 04:17:15,81698076cc42990c,Burtscheider Quelle,Aachen,,
01d69bd2-253c-4eb3-aec9-5a8b85545864,MENU,Candidates found but none validated,2026-09-04 04:17:48,9c092017a7c50d1e,Heimat,Regensburg,"Am Römling 9, 93047 Regensburg",https://www.heimat-regensburg.de/
ac70d833-ccba-4259-b680-1e3392766e71,WEBSITE,website_status=UNAVAILABLE,2026-09-04 04:17:48,546eace4169e1538,Irish Harp,Regensburg,,
a25fa543-2c87-4bca-9550-e4a0ef7aead9,WEBSITE,website_status=UNAVAILABLE,2026-09-04 04:17:48,f4d0c66c74760302,Apotheke GbR,Regensburg,"Rote-Hahnen-Gasse 8, 93047 Regensburg",
27079c83-6611-4ca0-9181-cfa56eb64575,MENU,Low confidence (0.4),2026-09-04 04:18:21,d150b056d8a5d0c7,Hinterhaus,Regensburg,,https://www.hinterhaus-regensburg.de/
8db62da1-0da0-4dbe-b5c3-39dfdeb3f2a3,WEBSITE,website_status=UNAVAILABLE,2026-09-04 04:18:21,a14639fc01f02370,Freunde der italienischen Oper,Regensburg,,
7f86a559-bdf1-464d-b9e6-69f187b470e0,WEBSITE,website_status=UNAVAILABLE,2026-09-04 04:18:21,3448925eea231c23,Olle Gaffel,Regensburg,,
f4dc48a3-17d1-4515-9402-f17680fa43c5,WEBSITE,website_status=UNAVAILABLE,2026-09-04 04:18:21,5350ea110916c9de,Zweigstelle,Regensburg,,
6f79dd2e-20f6-4f07-9527-304a1f3bd1ca,WEBSITE,website_status=UNAVAILABLE,2026-09-04 04:18:21,7b5a5ca0622fdfd3,Central Billard,Regensburg,,
8a75d935-89a3-4d9c-a1f5-ba2b8c3daf05,WEBSITE,website_status=UNAVAILABLE,2026-09-04 04:18:21,761a2b0d11fa749c,Wuid & Schee,Regensburg,"Unter den Schwibbögen 1, 93047 Regensburg",
b10766e3-84b8-4015-b6ab-d3d3d62dc2c3,WEBSITE,website_status=UNAVAILABLE,2026-09-04 04:18:59,7febbf29216eab50,Orange Bar,Regensburg,,http://www.orange-bar-regensburg.de/
5669f0ee-df16-4c6e-b701-f87968cc0c19,WEBSITE,website_status=UNAVAILABLE,2026-09-04 04:18:59,7e8fe23245a4d8e1,Kinokneipe,Regensburg,,
ce6847cc-1707-4123-9744-ff2268467bec,MENU,Candidates found but none validated,2026-09-04 04:19:06,0069ae594fb63df7,Clixx Billard & Bar,Regensburg,"Galgenbergstraße 2c, 93053 Regensburg",https://www.clixx-billard.de/
15365943-8ff8-4626-9b2e-27961d64e004,MENU,Candidates found but none validated,2026-09-04 04:19:19,f644d5b4b59e9335,Murphy's Law,Regensburg,"Spiegelgasse 6, 93047 Regensburg",https://www.murphyslaw-regensburg.de/
3e741337-4cf2-441e-ae3d-bb585a56de84,WEBSITE,website_status=UNAVAILABLE,2026-09-04 04:19:19,2f862ba36ce9a108,da Silva,Regensburg,"Obermünsterstraße 9, 93047 Regensburg",
85e570e8-24f4-4503-8f6e-c7c03b884093,WEBSITE,website_status=UNAVAILABLE,2026-09-04 04:19:19,3669d40abedf7dc3,Banane,Regensburg,,
4350e922-07b3-453b-93d8-e232b2c16b61,WEBSITE,website_status=UNAVAILABLE,2026-09-04 04:19:19,8aa3aa1e58b49e0c,Mariand'l,Würzburg,,
f56ab5e4-db8e-420b-907f-a5da72566c33,WEBSITE,website_status=UNAVAILABLE,2026-09-04 04:19:19,a05f29e61432335d,Probierstube zum Rauchereck e.V.,Würzburg,"Benzstraße 44, 97082 Würzburg",
3ddffb29-dc2a-4681-a68d-e045d3abb319,MENU,Candidates found but none validated,2026-09-04 04:19:33,9abfecd7e81d5d31,Standard,Würzburg,"Oberthürstraße 11a, 97070 Würzburg",https://www.standard-wuerzburg.com
a3015007-8f09-4878-a911-362538de101b,MENU,Candidates found but none validated,2026-09-04 04:19:47,bdffa4fb9750b453,Maulaffenbäck,Würzburg,", 97070 Würzburg",https://www.maulaffenbaeck.de
d6cc16ec-4354-4f63-b0c7-5f29bdffa098,WEBSITE,website_status=UNAVAILABLE,2026-09-04 04:19:47,674989fe1b31866a,heinrich,Würzburg,"Domstraße 20, 97070 Würzburg",https://heinrich-wuerzburg.de/
e96fae97-a842-490a-bd9b-8e31fe10b684,WEBSITE,website_status=UNAVAILABLE,2026-09-04 04:19:53,11db6177eb826071,Omnibus,Würzburg,"Theaterstraße 10, 97070 Würzburg",https://www.omnibus-wuerzburg.de/
9ca7e0a9-3300-41d2-9e2b-efe15dedec9e,WEBSITE,website_status=UNAVAILABLE,2026-09-04 04:19:53,91ded895752dd85d,Linie 3,Würzburg,,
3e48eb4a-e8f5-480f-8776-e2d208077b64,WEBSITE,website_status=UNAVAILABLE,2026-09-04 04:19:53,34b571753b5aca66,Zum Udo,Würzburg,,
8036a4bb-d958-4469-88db-29c922853232,WEBSITE,website_status=UNAVAILABLE,2026-09-04 04:19:53,2818ace8909ad04b,Babetts Weinstube,Würzburg,"Franziskanerplatz 1, 97070 Würzburg",
03219aa0-8625-40cb-90e0-ee3d179f848d,WEBSITE,website_status=UNAVAILABLE,2026-09-04 04:19:53,fb2e744170e8f7ce,Sansibar,Würzburg,,
27cf2eba-b174-4087-a8d5-aabf37a74c58,WEBSITE,website_status=UNAVAILABLE,2026-09-04 04:19:53,2b96f8dbfef4f15e,Tscharlie Die Musikkneipe,Würzburg,"Sanderstraße 8, 97070 Würzburg",
6a114979-6b64-45e4-a9d8-63c3cdeb94e5,MENU,Candidates found but none validated,2026-09-04 04:20:06,7d0063db2e6e463c,LOMA,Würzburg,"Sanderstraße 7, 97070 Würzburg",http://www.loma-bar.com/
4c92b6d5-ec2c-44fa-97bc-cd9b940cd931,MENU,Candidates found but none validated,2026-09-04 04:20:59,209e9d5e809a1cb9,Wohnzimmer Bar,Würzburg,"Tiepolostraße 21, 97070 Würzburg",https://www.wohnzimmer-bar.com
53d99cda-feec-4eec-bdd9-b4a5b6288bd5,MENU,Candidates found but none validated,2026-09-04 04:21:13,b991959675743e77,Chambinzky,Würzburg,"Valentin-Becker-Straße 2, 97072 Würzburg",https://www.chambinzky.com
1d10d8c3-67ef-4358-9054-f912e37024c8,MENU,Candidates found but none validated,2026-09-04 04:22:55,0ca9852e13c25f45,Green Mango – Gleis 6,Potsdam,"Karl-Liebknecht-Straße 4, 14482 Potsdam",https://potsdam.greenmango24.de/
fe1b836b-a23f-4299-824f-fc01b2aebddd,MENU,Candidates found but none validated,2026-09-04 04:23:09,51545a74788d81dd,Konsum,Potsdam,,https://www.thalia-potsdam.de/service/konsum-die-wohlfuehlbar/
9794d899-b5fb-49d2-b171-79ff2098cca4,MENU,Candidates found but none validated,2026-09-04 04:23:22,7325352caf1350b5,Nudeltopper,Potsdam,"Plantagenstraße 26, 14482 Potsdam",http://www.nudeltopper-babelsberg.de/
0d3596b9-2f88-4680-b750-7df8f8d7155b,MENU,Low confidence (0.4),2026-09-04 04:23:37,d8919c5cc439c951,Bar Fritz'n,Potsdam,"Dortustraße 6, 14467 Potsdam",https://www.barfritzn.de/
5296c276-6241-4c24-af88-e5df8fa1c0aa,MENU,Candidates found but none validated,2026-09-04 04:25:21,ee3f08ddc7c5ee42,Pub à la Pub,Potsdam,"Breite Straße 1, 14467 Potsdam",https://pubalapub.de/
27e770da-52fc-4fd1-9342-21107cdbfadf,MENU,Candidates found but none validated,2026-09-04 04:25:44,1f6a99049f9b1b77,Hafthorn,Potsdam,"Friedrich-Ebert-Straße 90, 14467 Potsdam",https://www.hafthorn.de/
b3973a3e-3dbf-4c0f-8791-3688da01568a,MENU,Low confidence (0.4),2026-09-04 04:25:57,388f5a2bc4706f77,Pot Still,Potsdam,"Jägerallee 35, 14469 Potsdam",https://www.potstillbar.de/
a2da8b28-4ab7-41b5-9aae-26a375ed9e9c,MENU,Candidates found but none validated,2026-09-04 04:26:23,0d13e538d181ca49,Unscheinbar,Potsdam,"Friedrich-Ebert-Straße 118, 14467 Potsdam",http://www.unscheinbar-potsdam.de/
aaec9d87-1502-44c8-a238-ff4be2e3a3a3,WEBSITE,website_status=UNAVAILABLE,2026-09-04 04:26:24,9359ff17491f985f,Zeppelin Sportsbar & Pub,Potsdam,,https://zeppelin-potsdam.de/
33f26f20-6352-40ef-a9fa-057157d3651b,MENU,Candidates found but none validated,2026-09-04 04:26:38,54ae0f86e4d50ea2,Die KUZE Kneipe,Potsdam,"Hermann-Elflein-Straße 10, 14467 Potsdam",https://kuze-potsdam.de/blog/kneipe/
1b336442-d6c5-4247-b4ac-30a02ddb6f8f,WEBSITE,website_status=UNAVAILABLE,2026-09-04 04:26:38,2d0c7545601b818d,Captain's Corner,Potsdam,,
6ad19d1d-4fb0-48cc-83d8-a948ea5af5d2,MENU,Low confidence (0.4),2026-09-04 04:26:51,9e1df22eb609fa31,Strandbar am Havelufer,Potsdam,,https://www.wyndhamhotels.com/de-de/vienna-house/potsdam-germany/vienna-house-havelufer-potsdam/dining
79101a1e-6544-4fc0-a188-c2447b47b638,WEBSITE,website_status=UNAVAILABLE,2026-09-04 04:26:57,d66014c94ca884c2,Die Gurke,Potsdam,,
5f73a51e-8453-46d4-8cfe-ee13fe52d19e,WEBSITE,website_status=UNAVAILABLE,2026-09-04 04:26:57,17a92a55c3c69696,Zum Löwen,Potsdam,,
